Workbook

Sheet 21 Oct Mon
A1: =CONCATENATE("DAILY REPORT DATE: ",MID(CELL("filename",A1),FIND("]",CELL("filename",A1),1)+1,255)) -> #VALUE! | AU1: =A1 -> #VALUE!
A3: COLLEGE NAME : L.J. INSTITUTE OF ENGINEERING AND TECHNOLOGY DEPARTMENT NAME : SY4(CST CS&IT) YEAR : 2024-25 SEMESTER : III | AU3: =A3 -> COLLEGE NAME : L.J. INSTITUTE OF ENGINEERING AND TECHNOLOGY DEPARTMENT NAME : SY4(CST CS&IT) YEAR : 2024-25 SEMESTER : III
A4: TEACHING SECTION | AU4: NON TEACHING SECTION | CH4: HOD SECTION
A5: LECTURE DETAILS | AA5: Difficulty solving or if attendance is less than 5 /Whatsapp Doubt Solving in official group / Students details whose Home Visit was done / PTM (Roll No,Name, Contact No.) (H) | AJ5: Project / Dissertation/Design Engineering Load (Enter only if Answer is given by Guide of the technical query) | AP5: Total Teaching Credits (A) | AQ5: Teaching Feedback (B) | AR5: Effective Teaching Credit C= A * B | AS5: NT Total Credits (D) Refer from NT Section | AT5: Final Teaching + Non Teaching Credit E =C*0.75+D*0.25 | AU5: Once in a Semester | AY5: Load Adjustment Done | AZ5: AttendanceSubmission.If Not submitted | BA5: Examination | BP5: PARENTS INTERACTION | BV5: SIF Credit | BX5: Extra Activity
A6: Sr No | B6: Name-DOJ-Mobile No. | C6: Lec. No | D6: Faculty Initials | E6: Lecture Details | M6: No. of Students Present | N6: Total Students | O6: Effective Load | P6: Today's Eff.Load Alloted as per TT | Q6: Extra Load | R6: Merged Load (If student in proxy batch < 20, mention (-1) for 2 hrs Lab or (-1.5) for 2 hrs TL | S6: Overall Today's Effective Load | T6: Today's Eff. Mass bunk | U6: Today's Eff.load cancel bcz of Holiday | V6: Today's Eff load cancel bcz of Specific reason | W6: Today's Eff load cancel bcz no adjustment was possible | X6: Today's Total Eff Load Expected from Faculty | Y6: Today's Eff.Load Taken | Z6: Comment for dummy column name C,D,E (Holiday, or load cacnelled details) | AU6: Submission of Subject Folder (LP, QB,MSE Syllabus, Ques Paper etc) Enter Credit=0 if done on time, Else (-1) daily until submitted | AV6: Timetable Preparation Credit as per GI | AW6: No.of Project/Dissertation Groups handled (To be entered at the end of semester) | AX6: No.of Marks Entry in GTU Portal | BA6: Supervision during College Exam | BJ6: Paper Setting | BK6: Paper Solution | BL6: Paper Evaluation | BO6: Paper Showing | BP6: Home Visit Credit & Enter details in (H-Teaching Section) (Credit =1 - Meeting with Mother Credit = 1.5 - Meeting with Father) | BQ6: No. of Phone Calls and entered in SIF | BT6: No. of SMS done | BU6: Personal Discussion with parents in Institute (0.25 credit per student) | BV6: Enter Credit for Personal Information in Page 1 and Page 2 | BW6: Enter credit for any entry work done in SIF | BX6: Extra Activity in hours as per General Instructions. | CF6: Not Defined as per General Instruction (Enter in terms of Hrs) | CH6: Leave Status | CJ6: Error in Work done | CL6: Delay in Work Done | CN6: Any other HOD Comment | CP6: Description of Work refused by faculty or done after doing arguments with HOD | CQ6: Enter credit if Faculty Refusd to do work given by HOD. Credit = (-5) | CR6: Enter credit if Faculty does work after doing arguments with HOD. Credit = (-2) | CS6: HOD Positive Credit and Faculty Negative Credit | CT6: Total NT Credits
E7: Course (UG/PG) | F7: Dept | G7: SEM (Only Roman Number) | H7: Div | I7: Batch | J7: Sub. | K7: Lec/ Lab/Tut/ELec/ELab/ETut/PLec/Plab/PTut/SLec/SLab/Stut/TL/ETL/STL/PTL | L7: Faculty Initials for Proxy Lecture Only a) Faculty who was given the proxy b) Faculty whose proxy was taken | O7: G | P7: A1 | Q7: A2 | R7: A3 | S7: A=A1+A2+A3 | T7: B | U7: C | V7: D | W7: E | X7: F= A-B-C-D-E | Y7: G(G-F) | AA7: Enter Purpose Short Form DS - Difficulty Solving HV - Home Visit WA - Whatsapp AL5 - Attendance Less than 5 PTM - Parents Teacher Meeting at Institute | AB7: Sem | AC7: Div | AD7: Roll No | AE7: Name | AF7: Mobile | AG7: No.of Students Present | AH7: Time (Only for difficulty solving) | AI7: Total No.of Hours (Only for difficulty solving) | AJ7: Group Code (Format : UG/PG_Branch_SEMNo_GroupNo Ex : UG_ME_SEM4_8) | AK7: Technical Question asked by student | AL7: Date & Time (Start time : End Time) | AM7: Duration in hours | AN7: Name of the Student who asked the question | AO7: Mobile No of the student | AY7: (Credit 0.1 for 1 effective hour of load adjustment done) | AZ7: Enter (-1) upto each day of delay else 0 if submitted on time | BA7: Today's No of Assign Supervision | BB7: Session (Morning / Afternoon) | BC7: Block No | BD7: Room No | BE7: Assigned /Proxy / Swap | BF7: Faculty Short Name whose Proxy is taken / with whom Swapping is done | BG7: Today's taken Supervision (MSE) | BH7: Today's taken Supervision (REM) | BI7: Today's No of blocks handle by MSE exam coordinator | BJ7: Credit (MSE I,II =0.5*no of papers, REM =0.25*no of papers) | BK7: Credit 1 for preparing 50% solution with detailing) Enter credit | BL7: Enter Credit of MSE Paper Evaluated Section A and B both (1 credit =15 papers) | BM7: Enter Credit of MSE Paper Evaluated-Any one Section A or B (1 credit =30 papers) | BN7: Enter Credit of Rem Paper Evaluated (1 credit =30 papers) | BO7: No. of Class | BQ7: Phone Call Description | BR7: Received Phone Call | BS7: Not Received Phone Call | BX7: Sports | BY7: Cultural | BZ7: GTU Related Work Only for GTU Coordinators | CA7: COE | CB7: Techventure | CC7: Any Technical Events | CD7: Any Other Activity Description | CE7: Total Credit | CF7: Activity Description | CG7: Total hr | CH7: Leave Taken | CI7: Leave Credit (Enter Negative Value) | CJ7: Description of Error done | CK7: Error Credit (Enter only Negative Value of Credit) | CL7: Description of Delay done | CM7: No. of Days of late submission (Enter only Negative Value of Credit) | CN7: Description | CO7: Credit ( Enter Negative value if comment for negative credit)
A8: 1 | B8: Ms. Sneha Shah DOJ: 9/7/2012 MOB: 9067822170 | C8: 1 | D8: STS | O8: =IF(AND(M8<>0,M8<>"m",M8<>"",RIGHT(K8,3)="Lec"),1,IF(AND(M8<>0,M8<>"m",M8<>"",OR(RIGHT(K8,3)="Lab",RIGHT(K8,3)="Tut")),0.5,IF(AND(M8<>0,M8<>"m",M8<>"",RIGHT(K8,2)="TL"),0.75,0))) -> 0 | P8: =COUNTIF(K8:K18,"TL")*0.75+COUNTIF(K8:K18,"Lec")*1+COUNTIF(K8:K18,"Lab")*0.5 -> 0 | Q8: =SUM((IF(LEFT(K8,1)="E",O8,0)),(IF(LEFT(K9,1)="E",O9,0)),(IF(LEFT(K10,1)="E",O10,0)),(IF(LEFT(K11,1)="E",O11,0)),(IF(LEFT(K12,1)="E",O12,0)),(IF(LEFT(K13,1)="E",O13,0)),(IF(LEFT(K14,1)="E",O14,0)),(IF(LEFT(K15,1)="E",O15,0)),(IF(LEFT(K16,1)="E",O16,0)),(IF(LEFT(K17,1)="E",O17,0)),(IF(LEFT(K18,1)="E",O18,0))) -> 0 | R8: =SUM(IF(M14<20,IF(K14="Plec",-1,IF(K14="PTL",-0.75,IF(K14="Plab",-0.5,0))),0),IF(M15<20,IF(K15="Plec",-1,IF(K15="PTL",-0.75,IF(K15="Plab",-0.5,0))),0),IF(M16<20,IF(K16="Plec",-1,IF(K16="PTL",-0.75,IF(K16="Plab",-0.5,0))),0),IF(M17<20,IF(K17="Plec",-1,IF(K17="PTL",-0.75,IF(K17="Plab",-0.5,0))),0)) -> 0 | S8: =SUM(P8:R18) -> 0 | T8: =SUM(IF(M8="M",IF(OR(K8="lec",K8="plec",K8="slec"),1,IF(OR(K8="lab",K8="plab",K8="slab",K8="tut",K8="ptut",K8="stut"),0.5,IF(OR(K8="TL",K8="pTL",K8="STL"),0.75,0))),0),IF(M9="M",IF(OR(K9="lec",K9="plec",K9="slec"),1,IF(OR(K9="lab",K9="plab",K9="slab",K9="tut",K9="ptut",K9="stut"),0.5,IF(OR(K9="TL",K9="pTL",K9="STL"),0.75,0))),0),IF(M10="M",IF(OR(K10="lec",K10="plec",K10="slec"),1,IF(OR(K10="lab",K10="plab",K10="slab",K10="tut",K10="ptut",K10="stut"),0.5,IF(OR(K10="TL",K10="pTL",K10="STL"),0.75,0))),0),IF(M11="M",IF(OR(K11="lec",K11="plec",K11="slec"),1,IF(OR(K11="lab",K11="plab",K11="slab",K11="tut",K11="ptut",K11="stut"),0.5,IF(OR(K11="TL",K11="pTL",K11="STL"),0.75,0))),0),IF(M12="M",IF(OR(K12="lec",K12="plec",K12="slec"),1,IF(OR(K12="lab",K12="plab",K12="slab",K12="tut",K12="ptut",K12="stut"),0.5,IF(OR(K12="TL",K12="pTL",K12="STL"),0.75,0))),0),IF(M13="M",IF(OR(K13="lec",K13="plec",K13="slec"),1,IF(OR(K13="lab",K13="plab",K13="slab",K13="tut",K13="ptut",K13="stut"),0.5,IF(OR(K13="TL",K13="pTL",K13="STL"),0.75,0))),0),IF(M14="M",IF(OR(K14="lec",K14="plec",K14="slec"),1,IF(OR(K14="lab",K14="plab",K14="slab",K14="tut",K14="ptut",K14="stut"),0.5,IF(OR(K14="TL",K14="pTL",K14="STL"),0.75,0))),0),IF(M15="M",IF(OR(K15="lec",K15="plec",K15="slec"),1,IF(OR(K15="lab",K15="plab",K15="slab",K15="tut",K15="ptut",K15="stut"),0.5,IF(OR(K15="TL",K15="pTL",K15="STL"),0.75,0))),0),IF(M16="M",IF(OR(K16="lec",K16="plec",K16="slec"),1,IF(OR(K16="lab",K16="plab",K16="slab",K16="tut",K16="ptut",K16="stut"),0.5,IF(OR(K16="TL",K16="pTL",K16="STL"),0.75,0))),0),IF(M17="M",IF(OR(K17="lec",K17="plec",K17="slec"),1,IF(OR(K17="lab",K17="plab",K17="slab",K17="tut",K17="ptut",K17="stut"),0.5,IF(OR(K17="TL",K17="pTL",K17="STL"),0.75,0))),0),IF(M18="M",IF(OR(K18="lec",K18="plec",K18="slec"),1,IF(OR(K18="lab",K18="plab",K18="slab",K18="tut",K18="ptut",K18="stut"),0.5,IF(OR(K18="TL",K18="pTL",K18="STL"),0.75,0))),0)) -> 0 | X8: =S8-(T8+U8+V8+W8) -> 0 | Y8: =CONCATENATE(SUM(O8:O18),"(",SUM(O8:O18)-X8,")") -> 0(0) | AA8: PTM | AB8: III | AC8: D6 | AD8: 193 | AE8: PRAJAPATI DIVYESHKUMAR PRAKASHBHAI | AF8: 7016117524 | AG8: 1 | AP8: =SUM(SUM(O8:O18),SUM(AI8:AI18)/2,AM8) -> 0 | AR8: =AP8*AQ8 -> 0 | AS8: =CT8 -> 1 | AT8: =AR8*0.75+AS8*0.25 -> 0.25 | BU8: 1 | CF8: 3 PTM Done on Saturday (19th Oct ) | CS8: =SUM(CS19:CS305) -> 3 | CT8: =SUM(AU8,AV8,AW8,AX8/400,AY8,AZ8,BG8,BH8*0.5,BI8*0.25,BJ8,BK8,BL8,BM8,BN8,BO8,BP8,BR8/20,BS8/100,BT8/60,BU8,BV8,BW8,BX8/4,SUM(BY8:CC18)/3,CE8,CG8/3,CI8,CK8,CM8,CO8,CQ8,CR8) -> 1 | CU8: =D8 -> STS
C9: 2 | D9: STS | O9: =IF(AND(M9<>0,M9<>"m",M9<>"",RIGHT(K9,3)="Lec"),1,IF(AND(M9<>0,M9<>"m",M9<>"",OR(RIGHT(K9,3)="Lab",RIGHT(K9,3)="Tut")),0.5,IF(AND(M9<>0,M9<>"m",M9<>"",RIGHT(K9,2)="TL"),0.75,0))) -> 0 | AA9: PTM | AB9: III | AC9: D6 | AD9: 203 | AE9: PATEL SHREY VIJAYBHAI | AF9: 7862806197 | AG9: 1 | CU9: =D9 -> STS
C10: 3 | D10: STS | O10: =IF(AND(M10<>0,M10<>"m",M10<>"",RIGHT(K10,3)="Lec"),1,IF(AND(M10<>0,M10<>"m",M10<>"",OR(RIGHT(K10,3)="Lab",RIGHT(K10,3)="Tut")),0.5,IF(AND(M10<>0,M10<>"m",M10<>"",RIGHT(K10,2)="TL"),0.75,0))) -> 0 | AA10: PTM | AB10: III | AC10: D6 | AD10: 190 | AE10: PATEL MEET JITENDRABHAI | AF10: 6351338386 | AG10: 1 | CU10: =D10 -> STS
C11: 4 | D11: STS | O11: =IF(AND(M11<>0,M11<>"m",M11<>"",RIGHT(K11,3)="Lec"),1,IF(AND(M11<>0,M11<>"m",M11<>"",OR(RIGHT(K11,3)="Lab",RIGHT(K11,3)="Tut")),0.5,IF(AND(M11<>0,M11<>"m",M11<>"",RIGHT(K11,2)="TL"),0.75,0))) -> 0 | AA11: PTM | AB11: III | AC11: D6 | AD11: 208 | AE11: DHOLARIYA JEPIL NITINBHAI | AF11: 6351655644 | AG11: 1 | CU11: =D11 -> STS
C12: 5 | D12: STS | O12: =IF(AND(M12<>0,M12<>"m",M12<>"",RIGHT(K12,3)="Lec"),1,IF(AND(M12<>0,M12<>"m",M12<>"",OR(RIGHT(K12,3)="Lab",RIGHT(K12,3)="Tut")),0.5,IF(AND(M12<>0,M12<>"m",M12<>"",RIGHT(K12,2)="TL"),0.75,0))) -> 0 | CU12: =D12 -> STS
C13: 6 | D13: STS | O13: =IF(AND(M13<>0,M13<>"m",M13<>"",RIGHT(K13,3)="Lec"),1,IF(AND(M13<>0,M13<>"m",M13<>"",OR(RIGHT(K13,3)="Lab",RIGHT(K13,3)="Tut")),0.5,IF(AND(M13<>0,M13<>"m",M13<>"",RIGHT(K13,2)="TL"),0.75,0))) -> 0 | CU13: =D13 -> STS
C14: 7 | D14: STS | O14: =IF(AND(M14>=20,M14<>"m",RIGHT(K14,3)="Lec"),1,IF(AND(M14>=20,M14<>"m",OR(RIGHT(K14,3)="Lab",RIGHT(K14,3)="Tut")),0.5,IF(AND(M14>=20,M14<>"m",RIGHT(K14,2)="TL"),0.75,0))) -> 0 | CU14: =D14 -> STS
C15: 8 | D15: STS | O15: =IF(AND(M15>=20,M15<>"m",RIGHT(K15,3)="Lec"),1,IF(AND(M15>=20,M15<>"m",OR(RIGHT(K15,3)="Lab",RIGHT(K15,3)="Tut")),0.5,IF(AND(M15>=20,M15<>"m",RIGHT(K15,2)="TL"),0.75,0))) -> 0 | CU15: =D15 -> STS
C16: 9 | D16: STS | O16: =IF(AND(M16>=20,M16<>"m",RIGHT(K16,3)="Lec"),1,IF(AND(M16>=20,M16<>"m",OR(RIGHT(K16,3)="Lab",RIGHT(K16,3)="Tut")),0.5,IF(AND(M16>=20,M16<>"m",RIGHT(K16,2)="TL"),0.75,0))) -> 0 | CU16: =D16 -> STS
C17: 10 | D17: STS | O17: =IF(AND(M17>=20,M17<>"m",RIGHT(K17,3)="Lec"),1,IF(AND(M17>=20,M17<>"m",OR(RIGHT(K17,3)="Lab",RIGHT(K17,3)="Tut")),0.5,IF(AND(M17>=20,M17<>"m",RIGHT(K17,2)="TL"),0.75,0))) -> 0 | CU17: =D17 -> STS
C18: 11 | D18: STS | O18: =IF(AND(M18<>0,M18<>"m",M18<>"",RIGHT(K18,3)="Lec"),1,IF(AND(M18<>0,M18<>"m",M18<>"",OR(RIGHT(K18,3)="Lab",RIGHT(K18,3)="Tut")),0.5,IF(AND(M18<>0,M18<>"m",M18<>"",RIGHT(K18,2)="TL"),0.75,0))) -> 0 | CU18: =D18 -> STS
A19: 2 | B19: Mr.Darshan Bhatt DOJ: 20/07/2022 MOB: 7227888101 | C19: 1 | D19: DVB | O19: =IF(AND(M19<>0,M19<>"m",M19<>"",RIGHT(K19,3)="Lec"),1,IF(AND(M19<>0,M19<>"m",M19<>"",OR(RIGHT(K19,3)="Lab",RIGHT(K19,3)="Tut")),0.5,IF(AND(M19<>0,M19<>"m",M19<>"",RIGHT(K19,2)="TL"),0.75,0))) -> 0 | P19: =COUNTIF(K19:K29,"TL")*0.75+COUNTIF(K19:K29,"Lec")*1+COUNTIF(K19:K29,"Lab")*0.5 -> 0 | Q19: =SUM((IF(LEFT(K19,1)="E",O19,0)),(IF(LEFT(K20,1)="E",O20,0)),(IF(LEFT(K21,1)="E",O21,0)),(IF(LEFT(K22,1)="E",O22,0)),(IF(LEFT(K23,1)="E",O23,0)),(IF(LEFT(K24,1)="E",O24,0)),(IF(LEFT(K25,1)="E",O25,0)),(IF(LEFT(K26,1)="E",O26,0)),(IF(LEFT(K27,1)="E",O27,0)),(IF(LEFT(K28,1)="E",O28,0)),(IF(LEFT(K29,1)="E",O29,0))) -> 0 | R19: =SUM(IF(M25<20,IF(K25="Plec",-1,IF(K25="PTL",-0.75,IF(K25="Plab",-0.5,0))),0),IF(M26<20,IF(K26="Plec",-1,IF(K26="PTL",-0.75,IF(K26="Plab",-0.5,0))),0),IF(M27<20,IF(K27="Plec",-1,IF(K27="PTL",-0.75,IF(K27="Plab",-0.5,0))),0),IF(M28<20,IF(K28="Plec",-1,IF(K28="PTL",-0.75,IF(K28="Plab",-0.5,0))),0)) -> 0 | S19: =SUM(P19:R29) -> 0 | T19: =SUM(IF(M19="M",IF(OR(K19="lec",K19="plec",K19="slec"),1,IF(OR(K19="lab",K19="plab",K19="slab",K19="tut",K19="ptut",K19="stut"),0.5,IF(OR(K19="TL",K19="pTL",K19="STL"),0.75,0))),0),IF(M20="M",IF(OR(K20="lec",K20="plec",K20="slec"),1,IF(OR(K20="lab",K20="plab",K20="slab",K20="tut",K20="ptut",K20="stut"),0.5,IF(OR(K20="TL",K20="pTL",K20="STL"),0.75,0))),0),IF(M21="M",IF(OR(K21="lec",K21="plec",K21="slec"),1,IF(OR(K21="lab",K21="plab",K21="slab",K21="tut",K21="ptut",K21="stut"),0.5,IF(OR(K21="TL",K21="pTL",K21="STL"),0.75,0))),0),IF(M22="M",IF(OR(K22="lec",K22="plec",K22="slec"),1,IF(OR(K22="lab",K22="plab",K22="slab",K22="tut",K22="ptut",K22="stut"),0.5,IF(OR(K22="TL",K22="pTL",K22="STL"),0.75,0))),0),IF(M23="M",IF(OR(K23="lec",K23="plec",K23="slec"),1,IF(OR(K23="lab",K23="plab",K23="slab",K23="tut",K23="ptut",K23="stut"),0.5,IF(OR(K23="TL",K23="pTL",K23="STL"),0.75,0))),0),IF(M24="M",IF(OR(K24="lec",K24="plec",K24="slec"),1,IF(OR(K24="lab",K24="plab",K24="slab",K24="tut",K24="ptut",K24="stut"),0.5,IF(OR(K24="TL",K24="pTL",K24="STL"),0.75,0))),0),IF(M25="M",IF(OR(K25="lec",K25="plec",K25="slec"),1,IF(OR(K25="lab",K25="plab",K25="slab",K25="tut",K25="ptut",K25="stut"),0.5,IF(OR(K25="TL",K25="pTL",K25="STL"),0.75,0))),0),IF(M26="M",IF(OR(K26="lec",K26="plec",K26="slec"),1,IF(OR(K26="lab",K26="plab",K26="slab",K26="tut",K26="ptut",K26="stut"),0.5,IF(OR(K26="TL",K26="pTL",K26="STL"),0.75,0))),0),IF(M27="M",IF(OR(K27="lec",K27="plec",K27="slec"),1,IF(OR(K27="lab",K27="plab",K27="slab",K27="tut",K27="ptut",K27="stut"),0.5,IF(OR(K27="TL",K27="pTL",K27="STL"),0.75,0))),0),IF(M28="M",IF(OR(K28="lec",K28="plec",K28="slec"),1,IF(OR(K28="lab",K28="plab",K28="slab",K28="tut",K28="ptut",K28="stut"),0.5,IF(OR(K28="TL",K28="pTL",K28="STL"),0.75,0))),0),IF(M29="M",IF(OR(K29="lec",K29="plec",K29="slec"),1,IF(OR(K29="lab",K29="plab",K29="slab",K29="tut",K29="ptut",K29="stut"),0.5,IF(OR(K29="TL",K29="pTL",K29="STL"),0.75,0))),0)) -> 0 | X19: =S19-(T19+U19+V19+W19) -> 0 | Y19: =CONCATENATE(SUM(O19:O29),"(",SUM(O19:O29)-X19,")") -> 0(0) | AP19: =SUM(SUM(O19:O29),SUM(AI19:AI29)/2,AM19) -> 0 | AR19: =AP19*AQ19 -> 0 | AS19: =CT19 -> 5.2 | AT19: =AR19*0.75+AS19*0.25 -> 1.3 | BA19: 1 | BB19: Morning | BC19: 3 | BD19: 108-2 | BE19: Assigned | BG19: 1 | BJ19: 4 | BQ19: Week-3 less attendance phone call to parent | BR19: 4 | BS19: 0 | CF19: Paper setting of SEM-III DE-T1 Exam | CS19: =SUM(IF(AU19<0,ABS(AU19),0),IF(AZ19<0,ABS(AZ19),0),ABS(CI19),ABS(CK19),ABS(CM19),ABS(CO19),ABS(CQ19),ABS(CR19)) -> 0 | CT19: =SUM(AU19,AV19,AW19,AX19/400,AY19,AZ19,BG19,BH19*0.5,BI19*0.25,BJ19,BK19,BL19,BM19,BN19,BO19,BP19,BR19/20,BS19/100,BT19/60,BU19,BV19,BW19,BX19/4,SUM(BY19:CC29)/3,CE19,CG19/3,CI19,CK19,CM19,CO19,CQ19,CR19) -> 5.2 | CU19: =D19 -> DVB
C20: 2 | D20: DVB | O20: =IF(AND(M20<>0,M20<>"m",M20<>"",RIGHT(K20,3)="Lec"),1,IF(AND(M20<>0,M20<>"m",M20<>"",OR(RIGHT(K20,3)="Lab",RIGHT(K20,3)="Tut")),0.5,IF(AND(M20<>0,M20<>"m",M20<>"",RIGHT(K20,2)="TL"),0.75,0))) -> 0 | CU20: =D20 -> DVB
C21: 3 | D21: DVB | O21: =IF(AND(M21<>0,M21<>"m",M21<>"",RIGHT(K21,3)="Lec"),1,IF(AND(M21<>0,M21<>"m",M21<>"",OR(RIGHT(K21,3)="Lab",RIGHT(K21,3)="Tut")),0.5,IF(AND(M21<>0,M21<>"m",M21<>"",RIGHT(K21,2)="TL"),0.75,0))) -> 0 | CU21: =D21 -> DVB
C22: 4 | D22: DVB | O22: =IF(AND(M22<>0,M22<>"m",M22<>"",RIGHT(K22,3)="Lec"),1,IF(AND(M22<>0,M22<>"m",M22<>"",OR(RIGHT(K22,3)="Lab",RIGHT(K22,3)="Tut")),0.5,IF(AND(M22<>0,M22<>"m",M22<>"",RIGHT(K22,2)="TL"),0.75,0))) -> 0 | CU22: =D22 -> DVB
C23: 5 | D23: DVB | O23: =IF(AND(M23<>0,M23<>"m",M23<>"",RIGHT(K23,3)="Lec"),1,IF(AND(M23<>0,M23<>"m",M23<>"",OR(RIGHT(K23,3)="Lab",RIGHT(K23,3)="Tut")),0.5,IF(AND(M23<>0,M23<>"m",M23<>"",RIGHT(K23,2)="TL"),0.75,0))) -> 0 | CU23: =D23 -> DVB
C24: 6 | D24: DVB | O24: =IF(AND(M24<>0,M24<>"m",M24<>"",RIGHT(K24,3)="Lec"),1,IF(AND(M24<>0,M24<>"m",M24<>"",OR(RIGHT(K24,3)="Lab",RIGHT(K24,3)="Tut")),0.5,IF(AND(M24<>0,M24<>"m",M24<>"",RIGHT(K24,2)="TL"),0.75,0))) -> 0 | CU24: =D24 -> DVB
C25: 7 | D25: DVB | O25: =IF(AND(M25>=20,M25<>"m",RIGHT(K25,3)="Lec"),1,IF(AND(M25>=20,M25<>"m",OR(RIGHT(K25,3)="Lab",RIGHT(K25,3)="Tut")),0.5,IF(AND(M25>=20,M25<>"m",RIGHT(K25,2)="TL"),0.75,0))) -> 0 | CU25: =D25 -> DVB
C26: 8 | D26: DVB | O26: =IF(AND(M26>=20,M26<>"m",RIGHT(K26,3)="Lec"),1,IF(AND(M26>=20,M26<>"m",OR(RIGHT(K26,3)="Lab",RIGHT(K26,3)="Tut")),0.5,IF(AND(M26>=20,M26<>"m",RIGHT(K26,2)="TL"),0.75,0))) -> 0 | CU26: =D26 -> DVB
C27: 9 | D27: DVB | O27: =IF(AND(M27>=20,M27<>"m",RIGHT(K27,3)="Lec"),1,IF(AND(M27>=20,M27<>"m",OR(RIGHT(K27,3)="Lab",RIGHT(K27,3)="Tut")),0.5,IF(AND(M27>=20,M27<>"m",RIGHT(K27,2)="TL"),0.75,0))) -> 0 | CU27: =D27 -> DVB
C28: 10 | D28: DVB | O28: =IF(AND(M28>=20,M28<>"m",RIGHT(K28,3)="Lec"),1,IF(AND(M28>=20,M28<>"m",OR(RIGHT(K28,3)="Lab",RIGHT(K28,3)="Tut")),0.5,IF(AND(M28>=20,M28<>"m",RIGHT(K28,2)="TL"),0.75,0))) -> 0 | CU28: =D28 -> DVB
C29: 11 | D29: DVB | O29: =IF(AND(M29<>0,M29<>"m",M29<>"",RIGHT(K29,3)="Lec"),1,IF(AND(M29<>0,M29<>"m",M29<>"",OR(RIGHT(K29,3)="Lab",RIGHT(K29,3)="Tut")),0.5,IF(AND(M29<>0,M29<>"m",M29<>"",RIGHT(K29,2)="TL"),0.75,0))) -> 0 | CU29: =D29 -> DVB
A30: 3 | B30: Ms. Mansi Hedav DOJ: 01/04/2022 MOB: 9408362853 | C30: 1 | D30: MPH | O30: =IF(AND(M30<>0,M30<>"m",M30<>"",RIGHT(K30,3)="Lec"),1,IF(AND(M30<>0,M30<>"m",M30<>"",OR(RIGHT(K30,3)="Lab",RIGHT(K30,3)="Tut")),0.5,IF(AND(M30<>0,M30<>"m",M30<>"",RIGHT(K30,2)="TL"),0.75,0))) -> 0 | P30: =COUNTIF(K30:K40,"TL")*0.75+COUNTIF(K30:K40,"Lec")*1+COUNTIF(K30:K40,"Lab")*0.5 -> 0 | Q30: =SUM((IF(LEFT(K30,1)="E",O30,0)),(IF(LEFT(K31,1)="E",O31,0)),(IF(LEFT(K32,1)="E",O32,0)),(IF(LEFT(K33,1)="E",O33,0)),(IF(LEFT(K34,1)="E",O34,0)),(IF(LEFT(K35,1)="E",O35,0)),(IF(LEFT(K36,1)="E",O36,0)),(IF(LEFT(K37,1)="E",O37,0)),(IF(LEFT(K38,1)="E",O38,0)),(IF(LEFT(K39,1)="E",O39,0)),(IF(LEFT(K40,1)="E",O40,0))) -> 0 | R30: =SUM(IF(M36<20,IF(K36="Plec",-1,IF(K36="PTL",-0.75,IF(K36="Plab",-0.5,0))),0),IF(M37<20,IF(K37="Plec",-1,IF(K37="PTL",-0.75,IF(K37="Plab",-0.5,0))),0),IF(M38<20,IF(K38="Plec",-1,IF(K38="PTL",-0.75,IF(K38="Plab",-0.5,0))),0),IF(M39<20,IF(K39="Plec",-1,IF(K39="PTL",-0.75,IF(K39="Plab",-0.5,0))),0)) -> 0 | S30: =SUM(P30:R40) -> 0 | T30: =SUM(IF(M30="M",IF(OR(K30="lec",K30="plec",K30="slec"),1,IF(OR(K30="lab",K30="plab",K30="slab",K30="tut",K30="ptut",K30="stut"),0.5,IF(OR(K30="TL",K30="pTL",K30="STL"),0.75,0))),0),IF(M31="M",IF(OR(K31="lec",K31="plec",K31="slec"),1,IF(OR(K31="lab",K31="plab",K31="slab",K31="tut",K31="ptut",K31="stut"),0.5,IF(OR(K31="TL",K31="pTL",K31="STL"),0.75,0))),0),IF(M32="M",IF(OR(K32="lec",K32="plec",K32="slec"),1,IF(OR(K32="lab",K32="plab",K32="slab",K32="tut",K32="ptut",K32="stut"),0.5,IF(OR(K32="TL",K32="pTL",K32="STL"),0.75,0))),0),IF(M33="M",IF(OR(K33="lec",K33="plec",K33="slec"),1,IF(OR(K33="lab",K33="plab",K33="slab",K33="tut",K33="ptut",K33="stut"),0.5,IF(OR(K33="TL",K33="pTL",K33="STL"),0.75,0))),0),IF(M34="M",IF(OR(K34="lec",K34="plec",K34="slec"),1,IF(OR(K34="lab",K34="plab",K34="slab",K34="tut",K34="ptut",K34="stut"),0.5,IF(OR(K34="TL",K34="pTL",K34="STL"),0.75,0))),0),IF(M35="M",IF(OR(K35="lec",K35="plec",K35="slec"),1,IF(OR(K35="lab",K35="plab",K35="slab",K35="tut",K35="ptut",K35="stut"),0.5,IF(OR(K35="TL",K35="pTL",K35="STL"),0.75,0))),0),IF(M36="M",IF(OR(K36="lec",K36="plec",K36="slec"),1,IF(OR(K36="lab",K36="plab",K36="slab",K36="tut",K36="ptut",K36="stut"),0.5,IF(OR(K36="TL",K36="pTL",K36="STL"),0.75,0))),0),IF(M37="M",IF(OR(K37="lec",K37="plec",K37="slec"),1,IF(OR(K37="lab",K37="plab",K37="slab",K37="tut",K37="ptut",K37="stut"),0.5,IF(OR(K37="TL",K37="pTL",K37="STL"),0.75,0))),0),IF(M38="M",IF(OR(K38="lec",K38="plec",K38="slec"),1,IF(OR(K38="lab",K38="plab",K38="slab",K38="tut",K38="ptut",K38="stut"),0.5,IF(OR(K38="TL",K38="pTL",K38="STL"),0.75,0))),0),IF(M39="M",IF(OR(K39="lec",K39="plec",K39="slec"),1,IF(OR(K39="lab",K39="plab",K39="slab",K39="tut",K39="ptut",K39="stut"),0.5,IF(OR(K39="TL",K39="pTL",K39="STL"),0.75,0))),0),IF(M40="M",IF(OR(K40="lec",K40="plec",K40="slec"),1,IF(OR(K40="lab",K40="plab",K40="slab",K40="tut",K40="ptut",K40="stut"),0.5,IF(OR(K40="TL",K40="pTL",K40="STL"),0.75,0))),0)) -> 0 | X30: =S30-(T30+U30+V30+W30) -> 0 | Y30: =CONCATENATE(SUM(O30:O40),"(",SUM(O30:O40)-X30,")") -> 0(0) | AP30: =SUM(SUM(O30:O40),SUM(AI30:AI40)/2,AM30) -> 0 | AR30: =AP30*AQ30 -> 0 | AS30: =CT30 -> 4.36 | AT30: =AR30*0.75+AS30*0.25 -> 1.09 | BA30: 1 | BB30: Morning | BC30: 6 | BD30: 104 | BE30: Assigned | BG30: 1 | BJ30: 4 | BQ30: Week-3 less attendance phone call to parent | BR30: 7 | BS30: 1 | CF30: Paper setting of SEM-III -PS - T1 Exam | CJ30: DR count mismatchDR(19, 21), Attendance Sheet(22, 22) | CK30: -1 | CS30: =SUM(IF(AU30<0,ABS(AU30),0),IF(AZ30<0,ABS(AZ30),0),ABS(CI30),ABS(CK30),ABS(CM30),ABS(CO30),ABS(CQ30),ABS(CR30)) -> 1 | CT30: =SUM(AU30,AV30,AW30,AX30/400,AY30,AZ30,BG30,BH30*0.5,BI30*0.25,BJ30,BK30,BL30,BM30,BN30,BO30,BP30,BR30/20,BS30/100,BT30/60,BU30,BV30,BW30,BX30/4,SUM(BY30:CC40)/3,CE30,CG30/3,CI30,CK30,CM30,CO30,CQ30,CR30) -> 4.36 | CU30: =D30 -> MPH
C31: 2 | D31: MPH | O31: =IF(AND(M31<>0,M31<>"m",M31<>"",RIGHT(K31,3)="Lec"),1,IF(AND(M31<>0,M31<>"m",M31<>"",OR(RIGHT(K31,3)="Lab",RIGHT(K31,3)="Tut")),0.5,IF(AND(M31<>0,M31<>"m",M31<>"",RIGHT(K31,2)="TL"),0.75,0))) -> 0 | CU31: =D31 -> MPH
C32: 3 | D32: MPH | O32: =IF(AND(M32<>0,M32<>"m",M32<>"",RIGHT(K32,3)="Lec"),1,IF(AND(M32<>0,M32<>"m",M32<>"",OR(RIGHT(K32,3)="Lab",RIGHT(K32,3)="Tut")),0.5,IF(AND(M32<>0,M32<>"m",M32<>"",RIGHT(K32,2)="TL"),0.75,0))) -> 0 | CU32: =D32 -> MPH
C33: 4 | D33: MPH | O33: =IF(AND(M33<>0,M33<>"m",M33<>"",RIGHT(K33,3)="Lec"),1,IF(AND(M33<>0,M33<>"m",M33<>"",OR(RIGHT(K33,3)="Lab",RIGHT(K33,3)="Tut")),0.5,IF(AND(M33<>0,M33<>"m",M33<>"",RIGHT(K33,2)="TL"),0.75,0))) -> 0 | CU33: =D33 -> MPH
C34: 5 | D34: MPH | O34: =IF(AND(M34<>0,M34<>"m",M34<>"",RIGHT(K34,3)="Lec"),1,IF(AND(M34<>0,M34<>"m",M34<>"",OR(RIGHT(K34,3)="Lab",RIGHT(K34,3)="Tut")),0.5,IF(AND(M34<>0,M34<>"m",M34<>"",RIGHT(K34,2)="TL"),0.75,0))) -> 0 | CU34: =D34 -> MPH
C35: 6 | D35: MPH | O35: =IF(AND(M35<>0,M35<>"m",M35<>"",RIGHT(K35,3)="Lec"),1,IF(AND(M35<>0,M35<>"m",M35<>"",OR(RIGHT(K35,3)="Lab",RIGHT(K35,3)="Tut")),0.5,IF(AND(M35<>0,M35<>"m",M35<>"",RIGHT(K35,2)="TL"),0.75,0))) -> 0 | CU35: =D35 -> MPH
C36: 7 | D36: MPH | O36: =IF(AND(M36>=20,M36<>"m",RIGHT(K36,3)="Lec"),1,IF(AND(M36>=20,M36<>"m",OR(RIGHT(K36,3)="Lab",RIGHT(K36,3)="Tut")),0.5,IF(AND(M36>=20,M36<>"m",RIGHT(K36,2)="TL"),0.75,0))) -> 0 | CU36: =D36 -> MPH
C37: 8 | D37: MPH | O37: =IF(AND(M37>=20,M37<>"m",RIGHT(K37,3)="Lec"),1,IF(AND(M37>=20,M37<>"m",OR(RIGHT(K37,3)="Lab",RIGHT(K37,3)="Tut")),0.5,IF(AND(M37>=20,M37<>"m",RIGHT(K37,2)="TL"),0.75,0))) -> 0 | CU37: =D37 -> MPH
C38: 9 | D38: MPH | O38: =IF(AND(M38>=20,M38<>"m",RIGHT(K38,3)="Lec"),1,IF(AND(M38>=20,M38<>"m",OR(RIGHT(K38,3)="Lab",RIGHT(K38,3)="Tut")),0.5,IF(AND(M38>=20,M38<>"m",RIGHT(K38,2)="TL"),0.75,0))) -> 0 | CU38: =D38 -> MPH
C39: 10 | D39: MPH | O39: =IF(AND(M39>=20,M39<>"m",RIGHT(K39,3)="Lec"),1,IF(AND(M39>=20,M39<>"m",OR(RIGHT(K39,3)="Lab",RIGHT(K39,3)="Tut")),0.5,IF(AND(M39>=20,M39<>"m",RIGHT(K39,2)="TL"),0.75,0))) -> 0 | CU39: =D39 -> MPH
C40: 11 | D40: MPH | O40: =IF(AND(M40<>0,M40<>"m",M40<>"",RIGHT(K40,3)="Lec"),1,IF(AND(M40<>0,M40<>"m",M40<>"",OR(RIGHT(K40,3)="Lab",RIGHT(K40,3)="Tut")),0.5,IF(AND(M40<>0,M40<>"m",M40<>"",RIGHT(K40,2)="TL"),0.75,0))) -> 0 | CU40: =D40 -> MPH
A41: 4 | B41: Mr.Mehul Kodiya DOJ: 16/06/2015 MOB: 9998650442 | C41: 1 | D41: MVK | O41: =IF(AND(M41<>0,M41<>"m",M41<>"",RIGHT(K41,3)="Lec"),1,IF(AND(M41<>0,M41<>"m",M41<>"",OR(RIGHT(K41,3)="Lab",RIGHT(K41,3)="Tut")),0.5,IF(AND(M41<>0,M41<>"m",M41<>"",RIGHT(K41,2)="TL"),0.75,0))) -> 0 | P41: =COUNTIF(K41:K51,"TL")*0.75+COUNTIF(K41:K51,"Lec")*1+COUNTIF(K41:K51,"Lab")*0.5 -> 0 | Q41: =SUM((IF(LEFT(K41,1)="E",O41,0)),(IF(LEFT(K42,1)="E",O42,0)),(IF(LEFT(K43,1)="E",O43,0)),(IF(LEFT(K44,1)="E",O44,0)),(IF(LEFT(K45,1)="E",O45,0)),(IF(LEFT(K46,1)="E",O46,0)),(IF(LEFT(K47,1)="E",O47,0)),(IF(LEFT(K48,1)="E",O48,0)),(IF(LEFT(K49,1)="E",O49,0)),(IF(LEFT(K50,1)="E",O50,0)),(IF(LEFT(K51,1)="E",O51,0))) -> 0 | R41: =SUM(IF(M47<20,IF(K47="Plec",-1,IF(K47="PTL",-0.75,IF(K47="Plab",-0.5,0))),0),IF(M48<20,IF(K48="Plec",-1,IF(K48="PTL",-0.75,IF(K48="Plab",-0.5,0))),0),IF(M49<20,IF(K49="Plec",-1,IF(K49="PTL",-0.75,IF(K49="Plab",-0.5,0))),0),IF(M50<20,IF(K50="Plec",-1,IF(K50="PTL",-0.75,IF(K50="Plab",-0.5,0))),0)) -> 0 | S41: =SUM(P41:R51) -> 0 | T41: =SUM(IF(M41="M",IF(OR(K41="lec",K41="plec",K41="slec"),1,IF(OR(K41="lab",K41="plab",K41="slab",K41="tut",K41="ptut",K41="stut"),0.5,IF(OR(K41="TL",K41="pTL",K41="STL"),0.75,0))),0),IF(M42="M",IF(OR(K42="lec",K42="plec",K42="slec"),1,IF(OR(K42="lab",K42="plab",K42="slab",K42="tut",K42="ptut",K42="stut"),0.5,IF(OR(K42="TL",K42="pTL",K42="STL"),0.75,0))),0),IF(M43="M",IF(OR(K43="lec",K43="plec",K43="slec"),1,IF(OR(K43="lab",K43="plab",K43="slab",K43="tut",K43="ptut",K43="stut"),0.5,IF(OR(K43="TL",K43="pTL",K43="STL"),0.75,0))),0),IF(M44="M",IF(OR(K44="lec",K44="plec",K44="slec"),1,IF(OR(K44="lab",K44="plab",K44="slab",K44="tut",K44="ptut",K44="stut"),0.5,IF(OR(K44="TL",K44="pTL",K44="STL"),0.75,0))),0),IF(M45="M",IF(OR(K45="lec",K45="plec",K45="slec"),1,IF(OR(K45="lab",K45="plab",K45="slab",K45="tut",K45="ptut",K45="stut"),0.5,IF(OR(K45="TL",K45="pTL",K45="STL"),0.75,0))),0),IF(M46="M",IF(OR(K46="lec",K46="plec",K46="slec"),1,IF(OR(K46="lab",K46="plab",K46="slab",K46="tut",K46="ptut",K46="stut"),0.5,IF(OR(K46="TL",K46="pTL",K46="STL"),0.75,0))),0),IF(M47="M",IF(OR(K47="lec",K47="plec",K47="slec"),1,IF(OR(K47="lab",K47="plab",K47="slab",K47="tut",K47="ptut",K47="stut"),0.5,IF(OR(K47="TL",K47="pTL",K47="STL"),0.75,0))),0),IF(M48="M",IF(OR(K48="lec",K48="plec",K48="slec"),1,IF(OR(K48="lab",K48="plab",K48="slab",K48="tut",K48="ptut",K48="stut"),0.5,IF(OR(K48="TL",K48="pTL",K48="STL"),0.75,0))),0),IF(M49="M",IF(OR(K49="lec",K49="plec",K49="slec"),1,IF(OR(K49="lab",K49="plab",K49="slab",K49="tut",K49="ptut",K49="stut"),0.5,IF(OR(K49="TL",K49="pTL",K49="STL"),0.75,0))),0),IF(M50="M",IF(OR(K50="lec",K50="plec",K50="slec"),1,IF(OR(K50="lab",K50="plab",K50="slab",K50="tut",K50="ptut",K50="stut"),0.5,IF(OR(K50="TL",K50="pTL",K50="STL"),0.75,0))),0),IF(M51="M",IF(OR(K51="lec",K51="plec",K51="slec"),1,IF(OR(K51="lab",K51="plab",K51="slab",K51="tut",K51="ptut",K51="stut"),0.5,IF(OR(K51="TL",K51="pTL",K51="STL"),0.75,0))),0)) -> 0 | X41: =S41-(T41+U41+V41+W41) -> 0 | Y41: =CONCATENATE(SUM(O41:O51),"(",SUM(O41:O51)-X41,")") -> 0(0) | AP41: =SUM(SUM(O41:O51),SUM(AI41:AI51)/2,AM41) -> 0 | AR41: =AP41*AQ41 -> 0 | AS41: =CT41 -> 5.75 | AT41: =AR41*0.75+AS41*0.25 -> 1.4375 | BI41: 6 | BJ41: 4 | BQ41: Week-3 Attendance less than 75% of sem-3 | BR41: 5 | BS41: 0 | CF41: Paper Setting of SEM-III FCSP-1 T1 Exam | CS41: =SUM(IF(AU41<0,ABS(AU41),0),IF(AZ41<0,ABS(AZ41),0),ABS(CI41),ABS(CK41),ABS(CM41),ABS(CO41),ABS(CQ41),ABS(CR41)) -> 0 | CT41: =SUM(AU41,AV41,AW41,AX41/400,AY41,AZ41,BG41,BH41*0.5,BI41*0.25,BJ41,BK41,BL41,BM41,BN41,BO41,BP41,BR41/20,BS41/100,BT41/60,BU41,BV41,BW41,BX41/4,SUM(BY41:CC51)/3,CE41,CG41/3,CI41,CK41,CM41,CO41,CQ41,CR41) -> 5.75 | CU41: =D41 -> MVK
C42: 2 | D42: MVK | O42: =IF(AND(M42<>0,M42<>"m",M42<>"",RIGHT(K42,3)="Lec"),1,IF(AND(M42<>0,M42<>"m",M42<>"",OR(RIGHT(K42,3)="Lab",RIGHT(K42,3)="Tut")),0.5,IF(AND(M42<>0,M42<>"m",M42<>"",RIGHT(K42,2)="TL"),0.75,0))) -> 0 | CU42: =D42 -> MVK
C43: 3 | D43: MVK | O43: =IF(AND(M43<>0,M43<>"m",M43<>"",RIGHT(K43,3)="Lec"),1,IF(AND(M43<>0,M43<>"m",M43<>"",OR(RIGHT(K43,3)="Lab",RIGHT(K43,3)="Tut")),0.5,IF(AND(M43<>0,M43<>"m",M43<>"",RIGHT(K43,2)="TL"),0.75,0))) -> 0 | CU43: =D43 -> MVK
C44: 4 | D44: MVK | O44: =IF(AND(M44<>0,M44<>"m",M44<>"",RIGHT(K44,3)="Lec"),1,IF(AND(M44<>0,M44<>"m",M44<>"",OR(RIGHT(K44,3)="Lab",RIGHT(K44,3)="Tut")),0.5,IF(AND(M44<>0,M44<>"m",M44<>"",RIGHT(K44,2)="TL"),0.75,0))) -> 0 | CU44: =D44 -> MVK
C45: 5 | D45: MVK | O45: =IF(AND(M45<>0,M45<>"m",M45<>"",RIGHT(K45,3)="Lec"),1,IF(AND(M45<>0,M45<>"m",M45<>"",OR(RIGHT(K45,3)="Lab",RIGHT(K45,3)="Tut")),0.5,IF(AND(M45<>0,M45<>"m",M45<>"",RIGHT(K45,2)="TL"),0.75,0))) -> 0 | CU45: =D45 -> MVK
C46: 6 | D46: MVK | O46: =IF(AND(M46<>0,M46<>"m",M46<>"",RIGHT(K46,3)="Lec"),1,IF(AND(M46<>0,M46<>"m",M46<>"",OR(RIGHT(K46,3)="Lab",RIGHT(K46,3)="Tut")),0.5,IF(AND(M46<>0,M46<>"m",M46<>"",RIGHT(K46,2)="TL"),0.75,0))) -> 0 | CU46: =D46 -> MVK
C47: 7 | D47: MVK | O47: =IF(AND(M47>=20,M47<>"m",RIGHT(K47,3)="Lec"),1,IF(AND(M47>=20,M47<>"m",OR(RIGHT(K47,3)="Lab",RIGHT(K47,3)="Tut")),0.5,IF(AND(M47>=20,M47<>"m",RIGHT(K47,2)="TL"),0.75,0))) -> 0 | CU47: =D47 -> MVK
C48: 8 | D48: MVK | O48: =IF(AND(M48>=20,M48<>"m",RIGHT(K48,3)="Lec"),1,IF(AND(M48>=20,M48<>"m",OR(RIGHT(K48,3)="Lab",RIGHT(K48,3)="Tut")),0.5,IF(AND(M48>=20,M48<>"m",RIGHT(K48,2)="TL"),0.75,0))) -> 0 | CU48: =D48 -> MVK
C49: 9 | D49: MVK | O49: =IF(AND(M49>=20,M49<>"m",RIGHT(K49,3)="Lec"),1,IF(AND(M49>=20,M49<>"m",OR(RIGHT(K49,3)="Lab",RIGHT(K49,3)="Tut")),0.5,IF(AND(M49>=20,M49<>"m",RIGHT(K49,2)="TL"),0.75,0))) -> 0 | CU49: =D49 -> MVK
C50: 10 | D50: MVK | O50: =IF(AND(M50>=20,M50<>"m",RIGHT(K50,3)="Lec"),1,IF(AND(M50>=20,M50<>"m",OR(RIGHT(K50,3)="Lab",RIGHT(K50,3)="Tut")),0.5,IF(AND(M50>=20,M50<>"m",RIGHT(K50,2)="TL"),0.75,0))) -> 0 | CU50: =D50 -> MVK
C51: 11 | D51: MVK | O51: =IF(AND(M51<>0,M51<>"m",M51<>"",RIGHT(K51,3)="Lec"),1,IF(AND(M51<>0,M51<>"m",M51<>"",OR(RIGHT(K51,3)="Lab",RIGHT(K51,3)="Tut")),0.5,IF(AND(M51<>0,M51<>"m",M51<>"",RIGHT(K51,2)="TL"),0.75,0))) -> 0 | CU51: =D51 -> MVK
A52: 5 | B52: Ms.Priyanka Sinha DOJ: 01/03/2023 MOB: 9558836857 | C52: 1 | D52: PCS | O52: =IF(AND(M52<>0,M52<>"m",M52<>"",RIGHT(K52,3)="Lec"),1,IF(AND(M52<>0,M52<>"m",M52<>"",OR(RIGHT(K52,3)="Lab",RIGHT(K52,3)="Tut")),0.5,IF(AND(M52<>0,M52<>"m",M52<>"",RIGHT(K52,2)="TL"),0.75,0))) -> 0 | P52: =COUNTIF(K52:K62,"TL")*0.75+COUNTIF(K52:K62,"Lec")*1+COUNTIF(K52:K62,"Lab")*0.5 -> 0 | Q52: =SUM((IF(LEFT(K52,1)="E",O52,0)),(IF(LEFT(K53,1)="E",O53,0)),(IF(LEFT(K54,1)="E",O54,0)),(IF(LEFT(K55,1)="E",O55,0)),(IF(LEFT(K56,1)="E",O56,0)),(IF(LEFT(K57,1)="E",O57,0)),(IF(LEFT(K58,1)="E",O58,0)),(IF(LEFT(K59,1)="E",O59,0)),(IF(LEFT(K60,1)="E",O60,0)),(IF(LEFT(K61,1)="E",O61,0)),(IF(LEFT(K62,1)="E",O62,0))) -> 0 | R52: =SUM(IF(M58<20,IF(K58="Plec",-1,IF(K58="PTL",-0.75,IF(K58="Plab",-0.5,0))),0),IF(M59<20,IF(K59="Plec",-1,IF(K59="PTL",-0.75,IF(K59="Plab",-0.5,0))),0),IF(M60<20,IF(K60="Plec",-1,IF(K60="PTL",-0.75,IF(K60="Plab",-0.5,0))),0),IF(M61<20,IF(K61="Plec",-1,IF(K61="PTL",-0.75,IF(K61="Plab",-0.5,0))),0)) -> 0 | S52: =SUM(P52:R62) -> 0 | T52: =SUM(IF(M52="M",IF(OR(K52="lec",K52="plec",K52="slec"),1,IF(OR(K52="lab",K52="plab",K52="slab",K52="tut",K52="ptut",K52="stut"),0.5,IF(OR(K52="TL",K52="pTL",K52="STL"),0.75,0))),0),IF(M53="M",IF(OR(K53="lec",K53="plec",K53="slec"),1,IF(OR(K53="lab",K53="plab",K53="slab",K53="tut",K53="ptut",K53="stut"),0.5,IF(OR(K53="TL",K53="pTL",K53="STL"),0.75,0))),0),IF(M54="M",IF(OR(K54="lec",K54="plec",K54="slec"),1,IF(OR(K54="lab",K54="plab",K54="slab",K54="tut",K54="ptut",K54="stut"),0.5,IF(OR(K54="TL",K54="pTL",K54="STL"),0.75,0))),0),IF(M55="M",IF(OR(K55="lec",K55="plec",K55="slec"),1,IF(OR(K55="lab",K55="plab",K55="slab",K55="tut",K55="ptut",K55="stut"),0.5,IF(OR(K55="TL",K55="pTL",K55="STL"),0.75,0))),0),IF(M56="M",IF(OR(K56="lec",K56="plec",K56="slec"),1,IF(OR(K56="lab",K56="plab",K56="slab",K56="tut",K56="ptut",K56="stut"),0.5,IF(OR(K56="TL",K56="pTL",K56="STL"),0.75,0))),0),IF(M57="M",IF(OR(K57="lec",K57="plec",K57="slec"),1,IF(OR(K57="lab",K57="plab",K57="slab",K57="tut",K57="ptut",K57="stut"),0.5,IF(OR(K57="TL",K57="pTL",K57="STL"),0.75,0))),0),IF(M58="M",IF(OR(K58="lec",K58="plec",K58="slec"),1,IF(OR(K58="lab",K58="plab",K58="slab",K58="tut",K58="ptut",K58="stut"),0.5,IF(OR(K58="TL",K58="pTL",K58="STL"),0.75,0))),0),IF(M59="M",IF(OR(K59="lec",K59="plec",K59="slec"),1,IF(OR(K59="lab",K59="plab",K59="slab",K59="tut",K59="ptut",K59="stut"),0.5,IF(OR(K59="TL",K59="pTL",K59="STL"),0.75,0))),0),IF(M60="M",IF(OR(K60="lec",K60="plec",K60="slec"),1,IF(OR(K60="lab",K60="plab",K60="slab",K60="tut",K60="ptut",K60="stut"),0.5,IF(OR(K60="TL",K60="pTL",K60="STL"),0.75,0))),0),IF(M61="M",IF(OR(K61="lec",K61="plec",K61="slec"),1,IF(OR(K61="lab",K61="plab",K61="slab",K61="tut",K61="ptut",K61="stut"),0.5,IF(OR(K61="TL",K61="pTL",K61="STL"),0.75,0))),0),IF(M62="M",IF(OR(K62="lec",K62="plec",K62="slec"),1,IF(OR(K62="lab",K62="plab",K62="slab",K62="tut",K62="ptut",K62="stut"),0.5,IF(OR(K62="TL",K62="pTL",K62="STL"),0.75,0))),0)) -> 0 | X52: =S52-(T52+U52+V52+W52) -> 0 | Y52: =CONCATENATE(SUM(O52:O62),"(",SUM(O52:O62)-X52,")") -> 0(0) | AP52: =SUM(SUM(O52:O62),SUM(AI52:AI62)/2,AM52) -> 0 | AR52: =AP52*AQ52 -> 0 | AS52: =CT52 -> 5.8 | AT52: =AR52*0.75+AS52*0.25 -> 1.45 | BI52: 6 | BJ52: 4 | BQ52: Week-3 Attendance less than 75% of sem-3 | BR52: 6 | BS52: 0 | CF52: Paper Setting of SEM-III PS T1 Exam | CS52: =SUM(IF(AU52<0,ABS(AU52),0),IF(AZ52<0,ABS(AZ52),0),ABS(CI52),ABS(CK52),ABS(CM52),ABS(CO52),ABS(CQ52),ABS(CR52)) -> 0 | CT52: =SUM(AU52,AV52,AW52,AX52/400,AY52,AZ52,BG52,BH52*0.5,BI52*0.25,BJ52,BK52,BL52,BM52,BN52,BO52,BP52,BR52/20,BS52/100,BT52/60,BU52,BV52,BW52,BX52/4,SUM(BY52:CC62)/3,CE52,CG52/3,CI52,CK52,CM52,CO52,CQ52,CR52) -> 5.8 | CU52: =D52 -> PCS
C53: 2 | D53: PCS | O53: =IF(AND(M53<>0,M53<>"m",M53<>"",RIGHT(K53,3)="Lec"),1,IF(AND(M53<>0,M53<>"m",M53<>"",OR(RIGHT(K53,3)="Lab",RIGHT(K53,3)="Tut")),0.5,IF(AND(M53<>0,M53<>"m",M53<>"",RIGHT(K53,2)="TL"),0.75,0))) -> 0 | CU53: =D53 -> PCS
C54: 3 | D54: PCS | O54: =IF(AND(M54<>0,M54<>"m",M54<>"",RIGHT(K54,3)="Lec"),1,IF(AND(M54<>0,M54<>"m",M54<>"",OR(RIGHT(K54,3)="Lab",RIGHT(K54,3)="Tut")),0.5,IF(AND(M54<>0,M54<>"m",M54<>"",RIGHT(K54,2)="TL"),0.75,0))) -> 0 | CU54: =D54 -> PCS
C55: 4 | D55: PCS | O55: =IF(AND(M55<>0,M55<>"m",M55<>"",RIGHT(K55,3)="Lec"),1,IF(AND(M55<>0,M55<>"m",M55<>"",OR(RIGHT(K55,3)="Lab",RIGHT(K55,3)="Tut")),0.5,IF(AND(M55<>0,M55<>"m",M55<>"",RIGHT(K55,2)="TL"),0.75,0))) -> 0 | CU55: =D55 -> PCS
C56: 5 | D56: PCS | O56: =IF(AND(M56<>0,M56<>"m",M56<>"",RIGHT(K56,3)="Lec"),1,IF(AND(M56<>0,M56<>"m",M56<>"",OR(RIGHT(K56,3)="Lab",RIGHT(K56,3)="Tut")),0.5,IF(AND(M56<>0,M56<>"m",M56<>"",RIGHT(K56,2)="TL"),0.75,0))) -> 0 | CU56: =D56 -> PCS
C57: 6 | D57: PCS | O57: =IF(AND(M57<>0,M57<>"m",M57<>"",RIGHT(K57,3)="Lec"),1,IF(AND(M57<>0,M57<>"m",M57<>"",OR(RIGHT(K57,3)="Lab",RIGHT(K57,3)="Tut")),0.5,IF(AND(M57<>0,M57<>"m",M57<>"",RIGHT(K57,2)="TL"),0.75,0))) -> 0 | CU57: =D57 -> PCS
C58: 7 | D58: PCS | O58: =IF(AND(M58>=20,M58<>"m",RIGHT(K58,3)="Lec"),1,IF(AND(M58>=20,M58<>"m",OR(RIGHT(K58,3)="Lab",RIGHT(K58,3)="Tut")),0.5,IF(AND(M58>=20,M58<>"m",RIGHT(K58,2)="TL"),0.75,0))) -> 0 | CU58: =D58 -> PCS
C59: 8 | D59: PCS | O59: =IF(AND(M59>=20,M59<>"m",RIGHT(K59,3)="Lec"),1,IF(AND(M59>=20,M59<>"m",OR(RIGHT(K59,3)="Lab",RIGHT(K59,3)="Tut")),0.5,IF(AND(M59>=20,M59<>"m",RIGHT(K59,2)="TL"),0.75,0))) -> 0 | CU59: =D59 -> PCS
C60: 9 | D60: PCS | O60: =IF(AND(M60>=20,M60<>"m",RIGHT(K60,3)="Lec"),1,IF(AND(M60>=20,M60<>"m",OR(RIGHT(K60,3)="Lab",RIGHT(K60,3)="Tut")),0.5,IF(AND(M60>=20,M60<>"m",RIGHT(K60,2)="TL"),0.75,0))) -> 0 | CU60: =D60 -> PCS
C61: 10 | D61: PCS | O61: =IF(AND(M61>=20,M61<>"m",RIGHT(K61,3)="Lec"),1,IF(AND(M61>=20,M61<>"m",OR(RIGHT(K61,3)="Lab",RIGHT(K61,3)="Tut")),0.5,IF(AND(M61>=20,M61<>"m",RIGHT(K61,2)="TL"),0.75,0))) -> 0 | CU61: =D61 -> PCS
C62: 11 | D62: PCS | O62: =IF(AND(M62<>0,M62<>"m",M62<>"",RIGHT(K62,3)="Lec"),1,IF(AND(M62<>0,M62<>"m",M62<>"",OR(RIGHT(K62,3)="Lab",RIGHT(K62,3)="Tut")),0.5,IF(AND(M62<>0,M62<>"m",M62<>"",RIGHT(K62,2)="TL"),0.75,0))) -> 0 | CU62: =D62 -> PCS
A63: 6 | B63: Ms.Khushbu Patel DOJ: 13/03/2023 MOB: 9033387936 | C63: 1 | D63: PKP | O63: =IF(AND(M63<>0,M63<>"m",M63<>"",RIGHT(K63,3)="Lec"),1,IF(AND(M63<>0,M63<>"m",M63<>"",OR(RIGHT(K63,3)="Lab",RIGHT(K63,3)="Tut")),0.5,IF(AND(M63<>0,M63<>"m",M63<>"",RIGHT(K63,2)="TL"),0.75,0))) -> 0 | P63: =COUNTIF(K63:K73,"TL")*0.75+COUNTIF(K63:K73,"Lec")*1+COUNTIF(K63:K73,"Lab")*0.5 -> 0 | Q63: =SUM((IF(LEFT(K63,1)="E",O63,0)),(IF(LEFT(K64,1)="E",O64,0)),(IF(LEFT(K65,1)="E",O65,0)),(IF(LEFT(K66,1)="E",O66,0)),(IF(LEFT(K67,1)="E",O67,0)),(IF(LEFT(K68,1)="E",O68,0)),(IF(LEFT(K69,1)="E",O69,0)),(IF(LEFT(K70,1)="E",O70,0)),(IF(LEFT(K71,1)="E",O71,0)),(IF(LEFT(K72,1)="E",O72,0)),(IF(LEFT(K73,1)="E",O73,0))) -> 0 | R63: =SUM(IF(M69<20,IF(K69="Plec",-1,IF(K69="PTL",-0.75,IF(K69="Plab",-0.5,0))),0),IF(M70<20,IF(K70="Plec",-1,IF(K70="PTL",-0.75,IF(K70="Plab",-0.5,0))),0),IF(M71<20,IF(K71="Plec",-1,IF(K71="PTL",-0.75,IF(K71="Plab",-0.5,0))),0),IF(M72<20,IF(K72="Plec",-1,IF(K72="PTL",-0.75,IF(K72="Plab",-0.5,0))),0)) -> 0 | S63: =SUM(P63:R73) -> 0 | T63: =SUM(IF(M63="M",IF(OR(K63="lec",K63="plec",K63="slec"),1,IF(OR(K63="lab",K63="plab",K63="slab",K63="tut",K63="ptut",K63="stut"),0.5,IF(OR(K63="TL",K63="pTL",K63="STL"),0.75,0))),0),IF(M64="M",IF(OR(K64="lec",K64="plec",K64="slec"),1,IF(OR(K64="lab",K64="plab",K64="slab",K64="tut",K64="ptut",K64="stut"),0.5,IF(OR(K64="TL",K64="pTL",K64="STL"),0.75,0))),0),IF(M65="M",IF(OR(K65="lec",K65="plec",K65="slec"),1,IF(OR(K65="lab",K65="plab",K65="slab",K65="tut",K65="ptut",K65="stut"),0.5,IF(OR(K65="TL",K65="pTL",K65="STL"),0.75,0))),0),IF(M66="M",IF(OR(K66="lec",K66="plec",K66="slec"),1,IF(OR(K66="lab",K66="plab",K66="slab",K66="tut",K66="ptut",K66="stut"),0.5,IF(OR(K66="TL",K66="pTL",K66="STL"),0.75,0))),0),IF(M67="M",IF(OR(K67="lec",K67="plec",K67="slec"),1,IF(OR(K67="lab",K67="plab",K67="slab",K67="tut",K67="ptut",K67="stut"),0.5,IF(OR(K67="TL",K67="pTL",K67="STL"),0.75,0))),0),IF(M68="M",IF(OR(K68="lec",K68="plec",K68="slec"),1,IF(OR(K68="lab",K68="plab",K68="slab",K68="tut",K68="ptut",K68="stut"),0.5,IF(OR(K68="TL",K68="pTL",K68="STL"),0.75,0))),0),IF(M69="M",IF(OR(K69="lec",K69="plec",K69="slec"),1,IF(OR(K69="lab",K69="plab",K69="slab",K69="tut",K69="ptut",K69="stut"),0.5,IF(OR(K69="TL",K69="pTL",K69="STL"),0.75,0))),0),IF(M70="M",IF(OR(K70="lec",K70="plec",K70="slec"),1,IF(OR(K70="lab",K70="plab",K70="slab",K70="tut",K70="ptut",K70="stut"),0.5,IF(OR(K70="TL",K70="pTL",K70="STL"),0.75,0))),0),IF(M71="M",IF(OR(K71="lec",K71="plec",K71="slec"),1,IF(OR(K71="lab",K71="plab",K71="slab",K71="tut",K71="ptut",K71="stut"),0.5,IF(OR(K71="TL",K71="pTL",K71="STL"),0.75,0))),0),IF(M72="M",IF(OR(K72="lec",K72="plec",K72="slec"),1,IF(OR(K72="lab",K72="plab",K72="slab",K72="tut",K72="ptut",K72="stut"),0.5,IF(OR(K72="TL",K72="pTL",K72="STL"),0.75,0))),0),IF(M73="M",IF(OR(K73="lec",K73="plec",K73="slec"),1,IF(OR(K73="lab",K73="plab",K73="slab",K73="tut",K73="ptut",K73="stut"),0.5,IF(OR(K73="TL",K73="pTL",K73="STL"),0.75,0))),0)) -> 0 | X63: =S63-(T63+U63+V63+W63) -> 0 | Y63: =CONCATENATE(SUM(O63:O73),"(",SUM(O63:O73)-X63,")") -> 0(0) | AP63: =SUM(SUM(O63:O73),SUM(AI63:AI73)/2,AM63) -> 0 | AR63: =AP63*AQ63 -> 0 | AS63: =CT63 -> 5.35 | AT63: =AR63*0.75+AS63*0.25 -> 1.3375 | BA63: 1 | BB63: Morning | BC63: 2 | BD63: 108-1 | BE63: Assigned | BG63: 1 | BJ63: 4 | BQ63: week3 less attendance | BR63: 7 | BS63: 0 | CF63: Paper setting of FSD-1 T1 (set A/B/C) | CS63: =SUM(IF(AU63<0,ABS(AU63),0),IF(AZ63<0,ABS(AZ63),0),ABS(CI63),ABS(CK63),ABS(CM63),ABS(CO63),ABS(CQ63),ABS(CR63)) -> 0 | CT63: =SUM(AU63,AV63,AW63,AX63/400,AY63,AZ63,BG63,BH63*0.5,BI63*0.25,BJ63,BK63,BL63,BM63,BN63,BO63,BP63,BR63/20,BS63/100,BT63/60,BU63,BV63,BW63,BX63/4,SUM(BY63:CC73)/3,CE63,CG63/3,CI63,CK63,CM63,CO63,CQ63,CR63) -> 5.35 | CU63: =D63 -> PKP
C64: 2 | D64: PKP | O64: =IF(AND(M64<>0,M64<>"m",M64<>"",RIGHT(K64,3)="Lec"),1,IF(AND(M64<>0,M64<>"m",M64<>"",OR(RIGHT(K64,3)="Lab",RIGHT(K64,3)="Tut")),0.5,IF(AND(M64<>0,M64<>"m",M64<>"",RIGHT(K64,2)="TL"),0.75,0))) -> 0 | CU64: =D64 -> PKP
C65: 3 | D65: PKP | O65: =IF(AND(M65<>0,M65<>"m",M65<>"",RIGHT(K65,3)="Lec"),1,IF(AND(M65<>0,M65<>"m",M65<>"",OR(RIGHT(K65,3)="Lab",RIGHT(K65,3)="Tut")),0.5,IF(AND(M65<>0,M65<>"m",M65<>"",RIGHT(K65,2)="TL"),0.75,0))) -> 0 | CU65: =D65 -> PKP
C66: 4 | D66: PKP | O66: =IF(AND(M66<>0,M66<>"m",M66<>"",RIGHT(K66,3)="Lec"),1,IF(AND(M66<>0,M66<>"m",M66<>"",OR(RIGHT(K66,3)="Lab",RIGHT(K66,3)="Tut")),0.5,IF(AND(M66<>0,M66<>"m",M66<>"",RIGHT(K66,2)="TL"),0.75,0))) -> 0 | CU66: =D66 -> PKP
C67: 5 | D67: PKP | O67: =IF(AND(M67<>0,M67<>"m",M67<>"",RIGHT(K67,3)="Lec"),1,IF(AND(M67<>0,M67<>"m",M67<>"",OR(RIGHT(K67,3)="Lab",RIGHT(K67,3)="Tut")),0.5,IF(AND(M67<>0,M67<>"m",M67<>"",RIGHT(K67,2)="TL"),0.75,0))) -> 0 | CU67: =D67 -> PKP
C68: 6 | D68: PKP | O68: =IF(AND(M68<>0,M68<>"m",M68<>"",RIGHT(K68,3)="Lec"),1,IF(AND(M68<>0,M68<>"m",M68<>"",OR(RIGHT(K68,3)="Lab",RIGHT(K68,3)="Tut")),0.5,IF(AND(M68<>0,M68<>"m",M68<>"",RIGHT(K68,2)="TL"),0.75,0))) -> 0 | CU68: =D68 -> PKP
C69: 7 | D69: PKP | O69: =IF(AND(M69>=20,M69<>"m",RIGHT(K69,3)="Lec"),1,IF(AND(M69>=20,M69<>"m",OR(RIGHT(K69,3)="Lab",RIGHT(K69,3)="Tut")),0.5,IF(AND(M69>=20,M69<>"m",RIGHT(K69,2)="TL"),0.75,0))) -> 0 | CU69: =D69 -> PKP
C70: 8 | D70: PKP | O70: =IF(AND(M70>=20,M70<>"m",RIGHT(K70,3)="Lec"),1,IF(AND(M70>=20,M70<>"m",OR(RIGHT(K70,3)="Lab",RIGHT(K70,3)="Tut")),0.5,IF(AND(M70>=20,M70<>"m",RIGHT(K70,2)="TL"),0.75,0))) -> 0 | CU70: =D70 -> PKP
C71: 9 | D71: PKP | O71: =IF(AND(M71>=20,M71<>"m",RIGHT(K71,3)="Lec"),1,IF(AND(M71>=20,M71<>"m",OR(RIGHT(K71,3)="Lab",RIGHT(K71,3)="Tut")),0.5,IF(AND(M71>=20,M71<>"m",RIGHT(K71,2)="TL"),0.75,0))) -> 0 | CU71: =D71 -> PKP
C72: 10 | D72: PKP | O72: =IF(AND(M72>=20,M72<>"m",RIGHT(K72,3)="Lec"),1,IF(AND(M72>=20,M72<>"m",OR(RIGHT(K72,3)="Lab",RIGHT(K72,3)="Tut")),0.5,IF(AND(M72>=20,M72<>"m",RIGHT(K72,2)="TL"),0.75,0))) -> 0 | CU72: =D72 -> PKP
C73: 11 | D73: PKP | O73: =IF(AND(M73<>0,M73<>"m",M73<>"",RIGHT(K73,3)="Lec"),1,IF(AND(M73<>0,M73<>"m",M73<>"",OR(RIGHT(K73,3)="Lab",RIGHT(K73,3)="Tut")),0.5,IF(AND(M73<>0,M73<>"m",M73<>"",RIGHT(K73,2)="TL"),0.75,0))) -> 0 | CU73: =D73 -> PKP
A74: 7 | B74: Dr.Prashant Sachaniya DOJ: 25/03/2023 MOB: 9998797202 | C74: 1 | D74: SDP | O74: =IF(AND(M74<>0,M74<>"m",M74<>"",RIGHT(K74,3)="Lec"),1,IF(AND(M74<>0,M74<>"m",M74<>"",OR(RIGHT(K74,3)="Lab",RIGHT(K74,3)="Tut")),0.5,IF(AND(M74<>0,M74<>"m",M74<>"",RIGHT(K74,2)="TL"),0.75,0))) -> 0 | P74: =COUNTIF(K74:K84,"TL")*0.75+COUNTIF(K74:K84,"Lec")*1+COUNTIF(K74:K84,"Lab")*0.5 -> 0 | Q74: =SUM((IF(LEFT(K74,1)="E",O74,0)),(IF(LEFT(K75,1)="E",O75,0)),(IF(LEFT(K76,1)="E",O76,0)),(IF(LEFT(K77,1)="E",O77,0)),(IF(LEFT(K78,1)="E",O78,0)),(IF(LEFT(K79,1)="E",O79,0)),(IF(LEFT(K80,1)="E",O80,0)),(IF(LEFT(K81,1)="E",O81,0)),(IF(LEFT(K82,1)="E",O82,0)),(IF(LEFT(K83,1)="E",O83,0)),(IF(LEFT(K84,1)="E",O84,0))) -> 0 | R74: =SUM(IF(M80<20,IF(K80="Plec",-1,IF(K80="PTL",-0.75,IF(K80="Plab",-0.5,0))),0),IF(M81<20,IF(K81="Plec",-1,IF(K81="PTL",-0.75,IF(K81="Plab",-0.5,0))),0),IF(M82<20,IF(K82="Plec",-1,IF(K82="PTL",-0.75,IF(K82="Plab",-0.5,0))),0),IF(M83<20,IF(K83="Plec",-1,IF(K83="PTL",-0.75,IF(K83="Plab",-0.5,0))),0)) -> 0 | S74: =SUM(P74:R84) -> 0 | T74: =SUM(IF(M74="M",IF(OR(K74="lec",K74="plec",K74="slec"),1,IF(OR(K74="lab",K74="plab",K74="slab",K74="tut",K74="ptut",K74="stut"),0.5,IF(OR(K74="TL",K74="pTL",K74="STL"),0.75,0))),0),IF(M75="M",IF(OR(K75="lec",K75="plec",K75="slec"),1,IF(OR(K75="lab",K75="plab",K75="slab",K75="tut",K75="ptut",K75="stut"),0.5,IF(OR(K75="TL",K75="pTL",K75="STL"),0.75,0))),0),IF(M76="M",IF(OR(K76="lec",K76="plec",K76="slec"),1,IF(OR(K76="lab",K76="plab",K76="slab",K76="tut",K76="ptut",K76="stut"),0.5,IF(OR(K76="TL",K76="pTL",K76="STL"),0.75,0))),0),IF(M77="M",IF(OR(K77="lec",K77="plec",K77="slec"),1,IF(OR(K77="lab",K77="plab",K77="slab",K77="tut",K77="ptut",K77="stut"),0.5,IF(OR(K77="TL",K77="pTL",K77="STL"),0.75,0))),0),IF(M78="M",IF(OR(K78="lec",K78="plec",K78="slec"),1,IF(OR(K78="lab",K78="plab",K78="slab",K78="tut",K78="ptut",K78="stut"),0.5,IF(OR(K78="TL",K78="pTL",K78="STL"),0.75,0))),0),IF(M79="M",IF(OR(K79="lec",K79="plec",K79="slec"),1,IF(OR(K79="lab",K79="plab",K79="slab",K79="tut",K79="ptut",K79="stut"),0.5,IF(OR(K79="TL",K79="pTL",K79="STL"),0.75,0))),0),IF(M80="M",IF(OR(K80="lec",K80="plec",K80="slec"),1,IF(OR(K80="lab",K80="plab",K80="slab",K80="tut",K80="ptut",K80="stut"),0.5,IF(OR(K80="TL",K80="pTL",K80="STL"),0.75,0))),0),IF(M81="M",IF(OR(K81="lec",K81="plec",K81="slec"),1,IF(OR(K81="lab",K81="plab",K81="slab",K81="tut",K81="ptut",K81="stut"),0.5,IF(OR(K81="TL",K81="pTL",K81="STL"),0.75,0))),0),IF(M82="M",IF(OR(K82="lec",K82="plec",K82="slec"),1,IF(OR(K82="lab",K82="plab",K82="slab",K82="tut",K82="ptut",K82="stut"),0.5,IF(OR(K82="TL",K82="pTL",K82="STL"),0.75,0))),0),IF(M83="M",IF(OR(K83="lec",K83="plec",K83="slec"),1,IF(OR(K83="lab",K83="plab",K83="slab",K83="tut",K83="ptut",K83="stut"),0.5,IF(OR(K83="TL",K83="pTL",K83="STL"),0.75,0))),0),IF(M84="M",IF(OR(K84="lec",K84="plec",K84="slec"),1,IF(OR(K84="lab",K84="plab",K84="slab",K84="tut",K84="ptut",K84="stut"),0.5,IF(OR(K84="TL",K84="pTL",K84="STL"),0.75,0))),0)) -> 0 | X74: =S74-(T74+U74+V74+W74) -> 0 | Y74: =CONCATENATE(SUM(O74:O84),"(",SUM(O74:O84)-X74,")") -> 0(0) | AP74: =SUM(SUM(O74:O84),SUM(AI74:AI84)/2,AM74) -> 0 | AR74: =AP74*AQ74 -> 0 | AS74: =CT74 -> 5.4 | AT74: =AR74*0.75+AS74*0.25 -> 1.35 | BA74: 1 | BB74: Morning | BC74: 5 | BD74: 107-3 | BE74: Assigned | BG74: 1 | BJ74: 4 | BQ74: Week-3 Less Attendance Call | BR74: 8 | BS74: 0 | CF74: Paper Setting of SEM-III DE T1 Exam | CS74: =SUM(IF(AU74<0,ABS(AU74),0),IF(AZ74<0,ABS(AZ74),0),ABS(CI74),ABS(CK74),ABS(CM74),ABS(CO74),ABS(CQ74),ABS(CR74)) -> 0 | CT74: =SUM(AU74,AV74,AW74,AX74/400,AY74,AZ74,BG74,BH74*0.5,BI74*0.25,BJ74,BK74,BL74,BM74,BN74,BO74,BP74,BR74/20,BS74/100,BT74/60,BU74,BV74,BW74,BX74/4,SUM(BY74:CC84)/3,CE74,CG74/3,CI74,CK74,CM74,CO74,CQ74,CR74) -> 5.4 | CU74: =D74 -> SDP
C75: 2 | D75: SDP | O75: =IF(AND(M75<>0,M75<>"m",M75<>"",RIGHT(K75,3)="Lec"),1,IF(AND(M75<>0,M75<>"m",M75<>"",OR(RIGHT(K75,3)="Lab",RIGHT(K75,3)="Tut")),0.5,IF(AND(M75<>0,M75<>"m",M75<>"",RIGHT(K75,2)="TL"),0.75,0))) -> 0 | CU75: =D75 -> SDP
C76: 3 | D76: SDP | O76: =IF(AND(M76<>0,M76<>"m",M76<>"",RIGHT(K76,3)="Lec"),1,IF(AND(M76<>0,M76<>"m",M76<>"",OR(RIGHT(K76,3)="Lab",RIGHT(K76,3)="Tut")),0.5,IF(AND(M76<>0,M76<>"m",M76<>"",RIGHT(K76,2)="TL"),0.75,0))) -> 0 | CU76: =D76 -> SDP
C77: 4 | D77: SDP | O77: =IF(AND(M77<>0,M77<>"m",M77<>"",RIGHT(K77,3)="Lec"),1,IF(AND(M77<>0,M77<>"m",M77<>"",OR(RIGHT(K77,3)="Lab",RIGHT(K77,3)="Tut")),0.5,IF(AND(M77<>0,M77<>"m",M77<>"",RIGHT(K77,2)="TL"),0.75,0))) -> 0 | CU77: =D77 -> SDP
C78: 5 | D78: SDP | O78: =IF(AND(M78<>0,M78<>"m",M78<>"",RIGHT(K78,3)="Lec"),1,IF(AND(M78<>0,M78<>"m",M78<>"",OR(RIGHT(K78,3)="Lab",RIGHT(K78,3)="Tut")),0.5,IF(AND(M78<>0,M78<>"m",M78<>"",RIGHT(K78,2)="TL"),0.75,0))) -> 0 | CU78: =D78 -> SDP
C79: 6 | D79: SDP | O79: =IF(AND(M79<>0,M79<>"m",M79<>"",RIGHT(K79,3)="Lec"),1,IF(AND(M79<>0,M79<>"m",M79<>"",OR(RIGHT(K79,3)="Lab",RIGHT(K79,3)="Tut")),0.5,IF(AND(M79<>0,M79<>"m",M79<>"",RIGHT(K79,2)="TL"),0.75,0))) -> 0 | CU79: =D79 -> SDP
C80: 7 | D80: SDP | O80: =IF(AND(M80>=20,M80<>"m",RIGHT(K80,3)="Lec"),1,IF(AND(M80>=20,M80<>"m",OR(RIGHT(K80,3)="Lab",RIGHT(K80,3)="Tut")),0.5,IF(AND(M80>=20,M80<>"m",RIGHT(K80,2)="TL"),0.75,0))) -> 0 | CU80: =D80 -> SDP
C81: 8 | D81: SDP | O81: =IF(AND(M81>=20,M81<>"m",RIGHT(K81,3)="Lec"),1,IF(AND(M81>=20,M81<>"m",OR(RIGHT(K81,3)="Lab",RIGHT(K81,3)="Tut")),0.5,IF(AND(M81>=20,M81<>"m",RIGHT(K81,2)="TL"),0.75,0))) -> 0 | CU81: =D81 -> SDP
C82: 9 | D82: SDP | O82: =IF(AND(M82>=20,M82<>"m",RIGHT(K82,3)="Lec"),1,IF(AND(M82>=20,M82<>"m",OR(RIGHT(K82,3)="Lab",RIGHT(K82,3)="Tut")),0.5,IF(AND(M82>=20,M82<>"m",RIGHT(K82,2)="TL"),0.75,0))) -> 0 | CU82: =D82 -> SDP
C83: 10 | D83: SDP | O83: =IF(AND(M83>=20,M83<>"m",RIGHT(K83,3)="Lec"),1,IF(AND(M83>=20,M83<>"m",OR(RIGHT(K83,3)="Lab",RIGHT(K83,3)="Tut")),0.5,IF(AND(M83>=20,M83<>"m",RIGHT(K83,2)="TL"),0.75,0))) -> 0 | CU83: =D83 -> SDP
C84: 11 | D84: SDP | O84: =IF(AND(M84<>0,M84<>"m",M84<>"",RIGHT(K84,3)="Lec"),1,IF(AND(M84<>0,M84<>"m",M84<>"",OR(RIGHT(K84,3)="Lab",RIGHT(K84,3)="Tut")),0.5,IF(AND(M84<>0,M84<>"m",M84<>"",RIGHT(K84,2)="TL"),0.75,0))) -> 0 | CU84: =D84 -> SDP
A85: 8 | B85: Ms.Swati Patel DOJ: 04/07/2022 MOB: 9998168709 | C85: 1 | D85: SHP | O85: =IF(AND(M85<>0,M85<>"m",M85<>"",RIGHT(K85,3)="Lec"),1,IF(AND(M85<>0,M85<>"m",M85<>"",OR(RIGHT(K85,3)="Lab",RIGHT(K85,3)="Tut")),0.5,IF(AND(M85<>0,M85<>"m",M85<>"",RIGHT(K85,2)="TL"),0.75,0))) -> 0 | P85: =COUNTIF(K85:K95,"TL")*0.75+COUNTIF(K85:K95,"Lec")*1+COUNTIF(K85:K95,"Lab")*0.5 -> 0 | Q85: =SUM((IF(LEFT(K85,1)="E",O85,0)),(IF(LEFT(K86,1)="E",O86,0)),(IF(LEFT(K87,1)="E",O87,0)),(IF(LEFT(K88,1)="E",O88,0)),(IF(LEFT(K89,1)="E",O89,0)),(IF(LEFT(K90,1)="E",O90,0)),(IF(LEFT(K91,1)="E",O91,0)),(IF(LEFT(K92,1)="E",O92,0)),(IF(LEFT(K93,1)="E",O93,0)),(IF(LEFT(K94,1)="E",O94,0)),(IF(LEFT(K95,1)="E",O95,0))) -> 0 | R85: =SUM(IF(M91<20,IF(K91="Plec",-1,IF(K91="PTL",-0.75,IF(K91="Plab",-0.5,0))),0),IF(M92<20,IF(K92="Plec",-1,IF(K92="PTL",-0.75,IF(K92="Plab",-0.5,0))),0),IF(M93<20,IF(K93="Plec",-1,IF(K93="PTL",-0.75,IF(K93="Plab",-0.5,0))),0),IF(M94<20,IF(K94="Plec",-1,IF(K94="PTL",-0.75,IF(K94="Plab",-0.5,0))),0)) -> 0 | S85: =SUM(P85:R95) -> 0 | T85: =SUM(IF(M85="M",IF(OR(K85="lec",K85="plec",K85="slec"),1,IF(OR(K85="lab",K85="plab",K85="slab",K85="tut",K85="ptut",K85="stut"),0.5,IF(OR(K85="TL",K85="pTL",K85="STL"),0.75,0))),0),IF(M86="M",IF(OR(K86="lec",K86="plec",K86="slec"),1,IF(OR(K86="lab",K86="plab",K86="slab",K86="tut",K86="ptut",K86="stut"),0.5,IF(OR(K86="TL",K86="pTL",K86="STL"),0.75,0))),0),IF(M87="M",IF(OR(K87="lec",K87="plec",K87="slec"),1,IF(OR(K87="lab",K87="plab",K87="slab",K87="tut",K87="ptut",K87="stut"),0.5,IF(OR(K87="TL",K87="pTL",K87="STL"),0.75,0))),0),IF(M88="M",IF(OR(K88="lec",K88="plec",K88="slec"),1,IF(OR(K88="lab",K88="plab",K88="slab",K88="tut",K88="ptut",K88="stut"),0.5,IF(OR(K88="TL",K88="pTL",K88="STL"),0.75,0))),0),IF(M89="M",IF(OR(K89="lec",K89="plec",K89="slec"),1,IF(OR(K89="lab",K89="plab",K89="slab",K89="tut",K89="ptut",K89="stut"),0.5,IF(OR(K89="TL",K89="pTL",K89="STL"),0.75,0))),0),IF(M90="M",IF(OR(K90="lec",K90="plec",K90="slec"),1,IF(OR(K90="lab",K90="plab",K90="slab",K90="tut",K90="ptut",K90="stut"),0.5,IF(OR(K90="TL",K90="pTL",K90="STL"),0.75,0))),0),IF(M91="M",IF(OR(K91="lec",K91="plec",K91="slec"),1,IF(OR(K91="lab",K91="plab",K91="slab",K91="tut",K91="ptut",K91="stut"),0.5,IF(OR(K91="TL",K91="pTL",K91="STL"),0.75,0))),0),IF(M92="M",IF(OR(K92="lec",K92="plec",K92="slec"),1,IF(OR(K92="lab",K92="plab",K92="slab",K92="tut",K92="ptut",K92="stut"),0.5,IF(OR(K92="TL",K92="pTL",K92="STL"),0.75,0))),0),IF(M93="M",IF(OR(K93="lec",K93="plec",K93="slec"),1,IF(OR(K93="lab",K93="plab",K93="slab",K93="tut",K93="ptut",K93="stut"),0.5,IF(OR(K93="TL",K93="pTL",K93="STL"),0.75,0))),0),IF(M94="M",IF(OR(K94="lec",K94="plec",K94="slec"),1,IF(OR(K94="lab",K94="plab",K94="slab",K94="tut",K94="ptut",K94="stut"),0.5,IF(OR(K94="TL",K94="pTL",K94="STL"),0.75,0))),0),IF(M95="M",IF(OR(K95="lec",K95="plec",K95="slec"),1,IF(OR(K95="lab",K95="plab",K95="slab",K95="tut",K95="ptut",K95="stut"),0.5,IF(OR(K95="TL",K95="pTL",K95="STL"),0.75,0))),0)) -> 0 | X85: =S85-(T85+U85+V85+W85) -> 0 | Y85: =CONCATENATE(SUM(O85:O95),"(",SUM(O85:O95)-X85,")") -> 0(0) | AP85: =SUM(SUM(O85:O95),SUM(AI85:AI95)/2,AM85) -> 0 | AR85: =AP85*AQ85 -> 0 | AS85: =CT85 -> 5.25 | AT85: =AR85*0.75+AS85*0.25 -> 1.3125 | BA85: 1 | BB85: MORNING | BC85: 1 | BD85: 102-A | BE85: ASSIGNED | BG85: 1 | BJ85: 4 | BQ85: Week-3 Attendance less than 75% of sem-3 | BR85: 5 | BS85: 0 | CF85: Paper Setting of SEM-III FCSP-1 T1 Exam | CS85: =SUM(IF(AU85<0,ABS(AU85),0),IF(AZ85<0,ABS(AZ85),0),ABS(CI85),ABS(CK85),ABS(CM85),ABS(CO85),ABS(CQ85),ABS(CR85)) -> 0 | CT85: =SUM(AU85,AV85,AW85,AX85/400,AY85,AZ85,BG85,BH85*0.5,BI85*0.25,BJ85,BK85,BL85,BM85,BN85,BO85,BP85,BR85/20,BS85/100,BT85/60,BU85,BV85,BW85,BX85/4,SUM(BY85:CC95)/3,CE85,CG85/3,CI85,CK85,CM85,CO85,CQ85,CR85) -> 5.25 | CU85: =D85 -> SHP
C86: 2 | D86: SHP | O86: =IF(AND(M86<>0,M86<>"m",M86<>"",RIGHT(K86,3)="Lec"),1,IF(AND(M86<>0,M86<>"m",M86<>"",OR(RIGHT(K86,3)="Lab",RIGHT(K86,3)="Tut")),0.5,IF(AND(M86<>0,M86<>"m",M86<>"",RIGHT(K86,2)="TL"),0.75,0))) -> 0 | CU86: =D86 -> SHP
C87: 3 | D87: SHP | O87: =IF(AND(M87<>0,M87<>"m",M87<>"",RIGHT(K87,3)="Lec"),1,IF(AND(M87<>0,M87<>"m",M87<>"",OR(RIGHT(K87,3)="Lab",RIGHT(K87,3)="Tut")),0.5,IF(AND(M87<>0,M87<>"m",M87<>"",RIGHT(K87,2)="TL"),0.75,0))) -> 0 | CU87: =D87 -> SHP
C88: 4 | D88: SHP | O88: =IF(AND(M88<>0,M88<>"m",M88<>"",RIGHT(K88,3)="Lec"),1,IF(AND(M88<>0,M88<>"m",M88<>"",OR(RIGHT(K88,3)="Lab",RIGHT(K88,3)="Tut")),0.5,IF(AND(M88<>0,M88<>"m",M88<>"",RIGHT(K88,2)="TL"),0.75,0))) -> 0 | CU88: =D88 -> SHP
C89: 5 | D89: SHP | O89: =IF(AND(M89<>0,M89<>"m",M89<>"",RIGHT(K89,3)="Lec"),1,IF(AND(M89<>0,M89<>"m",M89<>"",OR(RIGHT(K89,3)="Lab",RIGHT(K89,3)="Tut")),0.5,IF(AND(M89<>0,M89<>"m",M89<>"",RIGHT(K89,2)="TL"),0.75,0))) -> 0 | CU89: =D89 -> SHP
C90: 6 | D90: SHP | O90: =IF(AND(M90<>0,M90<>"m",M90<>"",RIGHT(K90,3)="Lec"),1,IF(AND(M90<>0,M90<>"m",M90<>"",OR(RIGHT(K90,3)="Lab",RIGHT(K90,3)="Tut")),0.5,IF(AND(M90<>0,M90<>"m",M90<>"",RIGHT(K90,2)="TL"),0.75,0))) -> 0 | CU90: =D90 -> SHP
C91: 7 | D91: SHP | O91: =IF(AND(M91>=20,M91<>"m",RIGHT(K91,3)="Lec"),1,IF(AND(M91>=20,M91<>"m",OR(RIGHT(K91,3)="Lab",RIGHT(K91,3)="Tut")),0.5,IF(AND(M91>=20,M91<>"m",RIGHT(K91,2)="TL"),0.75,0))) -> 0 | CU91: =D91 -> SHP
C92: 8 | D92: SHP | O92: =IF(AND(M92>=20,M92<>"m",RIGHT(K92,3)="Lec"),1,IF(AND(M92>=20,M92<>"m",OR(RIGHT(K92,3)="Lab",RIGHT(K92,3)="Tut")),0.5,IF(AND(M92>=20,M92<>"m",RIGHT(K92,2)="TL"),0.75,0))) -> 0 | CU92: =D92 -> SHP
C93: 9 | D93: SHP | O93: =IF(AND(M93>=20,M93<>"m",RIGHT(K93,3)="Lec"),1,IF(AND(M93>=20,M93<>"m",OR(RIGHT(K93,3)="Lab",RIGHT(K93,3)="Tut")),0.5,IF(AND(M93>=20,M93<>"m",RIGHT(K93,2)="TL"),0.75,0))) -> 0 | CU93: =D93 -> SHP
C94: 10 | D94: SHP | O94: =IF(AND(M94>=20,M94<>"m",RIGHT(K94,3)="Lec"),1,IF(AND(M94>=20,M94<>"m",OR(RIGHT(K94,3)="Lab",RIGHT(K94,3)="Tut")),0.5,IF(AND(M94>=20,M94<>"m",RIGHT(K94,2)="TL"),0.75,0))) -> 0 | CU94: =D94 -> SHP
C95: 11 | D95: SHP | O95: =IF(AND(M95<>0,M95<>"m",M95<>"",RIGHT(K95,3)="Lec"),1,IF(AND(M95<>0,M95<>"m",M95<>"",OR(RIGHT(K95,3)="Lab",RIGHT(K95,3)="Tut")),0.5,IF(AND(M95<>0,M95<>"m",M95<>"",RIGHT(K95,2)="TL"),0.75,0))) -> 0 | CU95: =D95 -> SHP
A96: 9 | B96: Ms. .Zalak Prajapti DOJ: 15/07/2022 MOB: 9408931415 | C96: 1 | D96: ZMP | O96: =IF(AND(M96<>0,M96<>"m",M96<>"",RIGHT(K96,3)="Lec"),1,IF(AND(M96<>0,M96<>"m",M96<>"",OR(RIGHT(K96,3)="Lab",RIGHT(K96,3)="Tut")),0.5,IF(AND(M96<>0,M96<>"m",M96<>"",RIGHT(K96,2)="TL"),0.75,0))) -> 0 | P96: =COUNTIF(K96:K106,"TL")*0.75+COUNTIF(K96:K106,"Lec")*1+COUNTIF(K96:K106,"Lab")*0.5 -> 0 | Q96: =SUM((IF(LEFT(K96,1)="E",O96,0)),(IF(LEFT(K97,1)="E",O97,0)),(IF(LEFT(K98,1)="E",O98,0)),(IF(LEFT(K99,1)="E",O99,0)),(IF(LEFT(K100,1)="E",O100,0)),(IF(LEFT(K101,1)="E",O101,0)),(IF(LEFT(K102,1)="E",O102,0)),(IF(LEFT(K103,1)="E",O103,0)),(IF(LEFT(K104,1)="E",O104,0)),(IF(LEFT(K105,1)="E",O105,0)),(IF(LEFT(K106,1)="E",O106,0))) -> 0 | R96: =SUM(IF(M102<20,IF(K102="Plec",-1,IF(K102="PTL",-0.75,IF(K102="Plab",-0.5,0))),0),IF(M103<20,IF(K103="Plec",-1,IF(K103="PTL",-0.75,IF(K103="Plab",-0.5,0))),0),IF(M104<20,IF(K104="Plec",-1,IF(K104="PTL",-0.75,IF(K104="Plab",-0.5,0))),0),IF(M105<20,IF(K105="Plec",-1,IF(K105="PTL",-0.75,IF(K105="Plab",-0.5,0))),0)) -> 0 | S96: =SUM(P96:R106) -> 0 | T96: =SUM(IF(M96="M",IF(OR(K96="lec",K96="plec",K96="slec"),1,IF(OR(K96="lab",K96="plab",K96="slab",K96="tut",K96="ptut",K96="stut"),0.5,IF(OR(K96="TL",K96="pTL",K96="STL"),0.75,0))),0),IF(M97="M",IF(OR(K97="lec",K97="plec",K97="slec"),1,IF(OR(K97="lab",K97="plab",K97="slab",K97="tut",K97="ptut",K97="stut"),0.5,IF(OR(K97="TL",K97="pTL",K97="STL"),0.75,0))),0),IF(M98="M",IF(OR(K98="lec",K98="plec",K98="slec"),1,IF(OR(K98="lab",K98="plab",K98="slab",K98="tut",K98="ptut",K98="stut"),0.5,IF(OR(K98="TL",K98="pTL",K98="STL"),0.75,0))),0),IF(M99="M",IF(OR(K99="lec",K99="plec",K99="slec"),1,IF(OR(K99="lab",K99="plab",K99="slab",K99="tut",K99="ptut",K99="stut"),0.5,IF(OR(K99="TL",K99="pTL",K99="STL"),0.75,0))),0),IF(M100="M",IF(OR(K100="lec",K100="plec",K100="slec"),1,IF(OR(K100="lab",K100="plab",K100="slab",K100="tut",K100="ptut",K100="stut"),0.5,IF(OR(K100="TL",K100="pTL",K100="STL"),0.75,0))),0),IF(M101="M",IF(OR(K101="lec",K101="plec",K101="slec"),1,IF(OR(K101="lab",K101="plab",K101="slab",K101="tut",K101="ptut",K101="stut"),0.5,IF(OR(K101="TL",K101="pTL",K101="STL"),0.75,0))),0),IF(M102="M",IF(OR(K102="lec",K102="plec",K102="slec"),1,IF(OR(K102="lab",K102="plab",K102="slab",K102="tut",K102="ptut",K102="stut"),0.5,IF(OR(K102="TL",K102="pTL",K102="STL"),0.75,0))),0),IF(M103="M",IF(OR(K103="lec",K103="plec",K103="slec"),1,IF(OR(K103="lab",K103="plab",K103="slab",K103="tut",K103="ptut",K103="stut"),0.5,IF(OR(K103="TL",K103="pTL",K103="STL"),0.75,0))),0),IF(M104="M",IF(OR(K104="lec",K104="plec",K104="slec"),1,IF(OR(K104="lab",K104="plab",K104="slab",K104="tut",K104="ptut",K104="stut"),0.5,IF(OR(K104="TL",K104="pTL",K104="STL"),0.75,0))),0),IF(M105="M",IF(OR(K105="lec",K105="plec",K105="slec"),1,IF(OR(K105="lab",K105="plab",K105="slab",K105="tut",K105="ptut",K105="stut"),0.5,IF(OR(K105="TL",K105="pTL",K105="STL"),0.75,0))),0),IF(M106="M",IF(OR(K106="lec",K106="plec",K106="slec"),1,IF(OR(K106="lab",K106="plab",K106="slab",K106="tut",K106="ptut",K106="stut"),0.5,IF(OR(K106="TL",K106="pTL",K106="STL"),0.75,0))),0)) -> 0 | X96: =S96-(T96+U96+V96+W96) -> 0 | Y96: =CONCATENATE(SUM(O96:O106),"(",SUM(O96:O106)-X96,")") -> 0(0) | AP96: =SUM(SUM(O96:O106),SUM(AI96:AI106)/2,AM96) -> 0 | AR96: =AP96*AQ96 -> 0 | AS96: =CT96 -> 5.1 | AT96: =AR96*0.75+AS96*0.25 -> 1.275 | BA96: 1 | BB96: Morning | BC96: 4 | BD96: 107-1 | BE96: Assigned | BG96: 1 | BJ96: 4 | BQ96: W-3 less attendance calling | BR96: 2 | BS96: 0 | CF96: FSD-1 _T1 paper setting | CS96: =SUM(IF(AU96<0,ABS(AU96),0),IF(AZ96<0,ABS(AZ96),0),ABS(CI96),ABS(CK96),ABS(CM96),ABS(CO96),ABS(CQ96),ABS(CR96)) -> 0 | CT96: =SUM(AU96,AV96,AW96,AX96/400,AY96,AZ96,BG96,BH96*0.5,BI96*0.25,BJ96,BK96,BL96,BM96,BN96,BO96,BP96,BR96/20,BS96/100,BT96/60,BU96,BV96,BW96,BX96/4,SUM(BY96:CC106)/3,CE96,CG96/3,CI96,CK96,CM96,CO96,CQ96,CR96) -> 5.1 | CU96: =D96 -> ZMP
C97: 2 | D97: ZMP | O97: =IF(AND(M97<>0,M97<>"m",M97<>"",RIGHT(K97,3)="Lec"),1,IF(AND(M97<>0,M97<>"m",M97<>"",OR(RIGHT(K97,3)="Lab",RIGHT(K97,3)="Tut")),0.5,IF(AND(M97<>0,M97<>"m",M97<>"",RIGHT(K97,2)="TL"),0.75,0))) -> 0 | CU97: =D97 -> ZMP
C98: 3 | D98: ZMP | O98: =IF(AND(M98<>0,M98<>"m",M98<>"",RIGHT(K98,3)="Lec"),1,IF(AND(M98<>0,M98<>"m",M98<>"",OR(RIGHT(K98,3)="Lab",RIGHT(K98,3)="Tut")),0.5,IF(AND(M98<>0,M98<>"m",M98<>"",RIGHT(K98,2)="TL"),0.75,0))) -> 0 | CU98: =D98 -> ZMP
C99: 4 | D99: ZMP | O99: =IF(AND(M99<>0,M99<>"m",M99<>"",RIGHT(K99,3)="Lec"),1,IF(AND(M99<>0,M99<>"m",M99<>"",OR(RIGHT(K99,3)="Lab",RIGHT(K99,3)="Tut")),0.5,IF(AND(M99<>0,M99<>"m",M99<>"",RIGHT(K99,2)="TL"),0.75,0))) -> 0 | CU99: =D99 -> ZMP
C100: 5 | D100: ZMP | O100: =IF(AND(M100<>0,M100<>"m",M100<>"",RIGHT(K100,3)="Lec"),1,IF(AND(M100<>0,M100<>"m",M100<>"",OR(RIGHT(K100,3)="Lab",RIGHT(K100,3)="Tut")),0.5,IF(AND(M100<>0,M100<>"m",M100<>"",RIGHT(K100,2)="TL"),0.75,0))) -> 0 | CU100: =D100 -> ZMP
C101: 6 | D101: ZMP | O101: =IF(AND(M101<>0,M101<>"m",M101<>"",RIGHT(K101,3)="Lec"),1,IF(AND(M101<>0,M101<>"m",M101<>"",OR(RIGHT(K101,3)="Lab",RIGHT(K101,3)="Tut")),0.5,IF(AND(M101<>0,M101<>"m",M101<>"",RIGHT(K101,2)="TL"),0.75,0))) -> 0 | CU101: =D101 -> ZMP
...

Sheet 22 Oct Tues
A1: =CONCATENATE("DAILY REPORT DATE : ",MID(CELL("filename",A1),FIND("]",CELL("filename",A1),1)+1,255)) -> #VALUE! | AU1: =A1 -> #VALUE!
A3: COLLEGE NAME : L.J. INSTITUTE OF ENGINEERING AND TECHNOLOGY DEPARTMENT NAME : SY4(CST CS&IT) YEAR : 2024-25 SEMESTER : III | AU3: =A3 -> COLLEGE NAME : L.J. INSTITUTE OF ENGINEERING AND TECHNOLOGY DEPARTMENT NAME : SY4(CST CS&IT) YEAR : 2024-25 SEMESTER : III
A4: TEACHING SECTION | AU4: NON TEACHING SECTION | CH4: HOD SECTION
A5: LECTURE DETAILS | AA5: Difficulty solving or if attendance is less than 5 /Whatsapp Doubt Solving in official group / Students details whose Home Visit was done / PTM (Roll No,Name, Contact No.) (H) | AJ5: Project / Dissertation/Design Engineering Load (Enter only if Answer is given by Guide of the technical query) | AP5: Total Teaching Credits (A) | AQ5: Teaching Feedback (B) | AR5: Effective Teaching Credit C= A * B | AS5: NT Total Credits (D) Refer from NT Section | AT5: Final Teaching + Non Teaching Credit E =C*0.75+D*0.25 | AU5: Once in a Semester | AY5: Load Adjustment Done | AZ5: AttendanceSubmission.If Not submitted | BA5: Examination | BP5: PARENTS INTERACTION | BV5: SIF Credit | BX5: Extra Activity
A6: Sr No | B6: Name-DOJ-Mobile No. | C6: Lec. No | D6: Faculty Initials | E6: Lecture Details | M6: No. of Students Present | N6: Total Students | O6: Effective Load | P6: Today's Eff.Load Alloted as per TT | Q6: Extra Load | R6: Merged Load (If student in proxy batch < 20, mention (-1) for 2 hrs Lab or (-1.5) for 2 hrs TL | S6: Overall Today's Effective Load | T6: Today's Eff. Mass bunk | U6: Today's Eff.load cancel bcz of Holiday | V6: Today's Eff load cancel bcz of Specific reason | W6: Today's Eff load cancel bcz no adjustment was possible | X6: Today's Total Eff Load Expected from Faculty | Y6: Today's Eff.Load Taken | Z6: Comment for dummy column name C,D,E (Holiday, or load cacnelled details) | AU6: Submission of Subject Folder (LP, QB,MSE Syllabus, Ques Paper etc) Enter Credit=0 if done on time, Else (-1) daily until submitted | AV6: Timetable Preparation Credit as per GI | AW6: No.of Project/Dissertation Groups handled (To be entered at the end of semester) | AX6: No.of Marks Entry in GTU Portal | BA6: Supervision during College Exam | BJ6: Paper Setting | BK6: Paper Solution | BL6: Paper Evaluation | BO6: Paper Showing | BP6: Home Visit Credit & Enter details in (H-Teaching Section) (Credit =1 - Meeting with Mother Credit = 1.5 - Meeting with Father) | BQ6: No. of Phone Calls and entered in SIF | BT6: No. of SMS done | BU6: Personal Discussion with parents in Institute (0.25 credit per student) | BV6: Enter Credit for Personal Information in Page 1 and Page 2 | BW6: Enter credit for any entry work done in SIF | BX6: Extra Activity in hours as per General Instructions. | CF6: Not Defined as per General Instruction (Enter in terms of Hrs) | CH6: Leave Status | CJ6: Error in Work done | CL6: Delay in Work Done | CN6: Any other HOD Comment | CP6: Description of Work refused by faculty or done after doing arguments with HOD | CQ6: Enter credit if Faculty Refusd to do work given by HOD. Credit = (-5) | CR6: Enter credit if Faculty does work after doing arguments with HOD. Credit = (-2) | CS6: HOD Positive Credit and Faculty Negative Credit | CT6: Total NT Credits
E7: Course (UG/PG) | F7: Dept | G7: SEM (Only Roman Number) | H7: Div | I7: Batch | J7: Sub. | K7: Lec/ Lab/Tut/ELec/ELab/ETut/PLec/Plab/PTut/SLec/SLab/Stut/TL/ETL/STL/PTL | L7: Faculty Initials for Proxy Lecture Only a) Faculty who was given the proxy b) Faculty whose proxy was taken | O7: G | P7: A1 | Q7: A2 | R7: A3 | S7: A=A1+A2+A3 | T7: B | U7: C | V7: D | W7: E | X7: F= A-B-C-D-E | Y7: G(G-F) | AA7: Enter Purpose Short Form DS - Difficulty Solving HV - Home Visit WA - Whatsapp AL5 - Attendance Less than 5 PTM - Parents Teacher Meeting at Institute | AB7: Sem | AC7: Div | AD7: Roll No | AE7: Name | AF7: Mobile | AG7: No.of Students Present | AH7: Time (Only for difficulty solving) | AI7: Total No.of Hours (Only for difficulty solving) | AJ7: Group Code (Format : UG/PG_Branch_SEMNo_GroupNo Ex : UG_ME_SEM4_8) | AK7: Technical Question asked by student | AL7: Date & Time (Start time : End Time) | AM7: Duration in hours | AN7: Name of the Student who asked the question | AO7: Mobile No of the student | AY7: (Credit 0.1 for 1 effective hour of load adjustment done) | AZ7: Enter (-1) upto each day of delay else 0 if submitted on time | BA7: Today's No of Assign Supervision | BB7: Session (Morning / Afternoon) | BC7: Block No | BD7: Room No | BE7: Assigned /Proxy / Swap | BF7: Faculty Short Name whose Proxy is taken / with whom Swapping is done | BG7: Today's taken Supervision (MSE) | BH7: Today's taken Supervision (REM) | BI7: Today's No of blocks handle by MSE exam coordinator | BJ7: Credit (MSE I,II =0.5*no of papers, REM =0.25*no of papers) | BK7: Credit 1 for preparing 50% solution with detailing) Enter credit | BL7: Enter Credit of MSE Paper Evaluated Section A and B both (1 credit =15 papers) | BM7: Enter Credit of MSE Paper Evaluated-Any one Section A or B (1 credit =30 papers) | BN7: Enter Credit of Rem Paper Evaluated (1 credit =30 papers) | BO7: No. of Class | BQ7: Phone Call Description | BR7: Received Phone Call | BS7: Not Received Phone Call | BX7: Sports | BY7: Cultural | BZ7: GTU Related Work Only for GTU Coordinators | CA7: COE | CB7: Techventure | CC7: Any Technical Events | CD7: Any Other Activity Description | CE7: Total Credit | CF7: Activity Description | CG7: Total hr | CH7: Leave Taken | CI7: Leave Credit (Enter Negative Value) | CJ7: Description of Error done | CK7: Error Credit (Enter only Negative Value of Credit) | CL7: Description of Delay done | CM7: No. of Days of late submission (Enter only Negative Value of Credit) | CN7: Description | CO7: Credit ( Enter Negative value if comment for negative credit)
A8: 1 | B8: Ms. Sneha Shah DOJ: 9/7/2012 MOB: 9067822170 | C8: 1 | D8: STS | O8: =IF(AND(M8<>0,M8<>"m",M8<>"",RIGHT(K8,3)="Lec"),1,IF(AND(M8<>0,M8<>"m",M8<>"",OR(RIGHT(K8,3)="Lab",RIGHT(K8,3)="Tut")),0.5,IF(AND(M8<>0,M8<>"m",M8<>"",RIGHT(K8,2)="TL"),0.75,0))) -> 0 | P8: =COUNTIF(K8:K18,"TL")*0.75+COUNTIF(K8:K18,"Lec")*1+COUNTIF(K8:K18,"Lab")*0.5 -> 0 | Q8: =SUM((IF(LEFT(K8,1)="E",O8,0)),(IF(LEFT(K9,1)="E",O9,0)),(IF(LEFT(K10,1)="E",O10,0)),(IF(LEFT(K11,1)="E",O11,0)),(IF(LEFT(K12,1)="E",O12,0)),(IF(LEFT(K13,1)="E",O13,0)),(IF(LEFT(K14,1)="E",O14,0)),(IF(LEFT(K15,1)="E",O15,0)),(IF(LEFT(K16,1)="E",O16,0)),(IF(LEFT(K17,1)="E",O17,0)),(IF(LEFT(K18,1)="E",O18,0))) -> 0 | R8: =SUM(IF(M14<20,IF(K14="Plec",-1,IF(K14="PTL",-0.75,IF(K14="Plab",-0.5,0))),0),IF(M15<20,IF(K15="Plec",-1,IF(K15="PTL",-0.75,IF(K15="Plab",-0.5,0))),0),IF(M16<20,IF(K16="Plec",-1,IF(K16="PTL",-0.75,IF(K16="Plab",-0.5,0))),0),IF(M17<20,IF(K17="Plec",-1,IF(K17="PTL",-0.75,IF(K17="Plab",-0.5,0))),0)) -> 0 | S8: =SUM(P8:R18) -> 0 | T8: =SUM(IF(M8="M",IF(OR(K8="lec",K8="plec",K8="slec"),1,IF(OR(K8="lab",K8="plab",K8="slab",K8="tut",K8="ptut",K8="stut"),0.5,IF(OR(K8="TL",K8="pTL",K8="STL"),0.75,0))),0),IF(M9="M",IF(OR(K9="lec",K9="plec",K9="slec"),1,IF(OR(K9="lab",K9="plab",K9="slab",K9="tut",K9="ptut",K9="stut"),0.5,IF(OR(K9="TL",K9="pTL",K9="STL"),0.75,0))),0),IF(M10="M",IF(OR(K10="lec",K10="plec",K10="slec"),1,IF(OR(K10="lab",K10="plab",K10="slab",K10="tut",K10="ptut",K10="stut"),0.5,IF(OR(K10="TL",K10="pTL",K10="STL"),0.75,0))),0),IF(M11="M",IF(OR(K11="lec",K11="plec",K11="slec"),1,IF(OR(K11="lab",K11="plab",K11="slab",K11="tut",K11="ptut",K11="stut"),0.5,IF(OR(K11="TL",K11="pTL",K11="STL"),0.75,0))),0),IF(M12="M",IF(OR(K12="lec",K12="plec",K12="slec"),1,IF(OR(K12="lab",K12="plab",K12="slab",K12="tut",K12="ptut",K12="stut"),0.5,IF(OR(K12="TL",K12="pTL",K12="STL"),0.75,0))),0),IF(M13="M",IF(OR(K13="lec",K13="plec",K13="slec"),1,IF(OR(K13="lab",K13="plab",K13="slab",K13="tut",K13="ptut",K13="stut"),0.5,IF(OR(K13="TL",K13="pTL",K13="STL"),0.75,0))),0),IF(M14="M",IF(OR(K14="lec",K14="plec",K14="slec"),1,IF(OR(K14="lab",K14="plab",K14="slab",K14="tut",K14="ptut",K14="stut"),0.5,IF(OR(K14="TL",K14="pTL",K14="STL"),0.75,0))),0),IF(M15="M",IF(OR(K15="lec",K15="plec",K15="slec"),1,IF(OR(K15="lab",K15="plab",K15="slab",K15="tut",K15="ptut",K15="stut"),0.5,IF(OR(K15="TL",K15="pTL",K15="STL"),0.75,0))),0),IF(M16="M",IF(OR(K16="lec",K16="plec",K16="slec"),1,IF(OR(K16="lab",K16="plab",K16="slab",K16="tut",K16="ptut",K16="stut"),0.5,IF(OR(K16="TL",K16="pTL",K16="STL"),0.75,0))),0),IF(M17="M",IF(OR(K17="lec",K17="plec",K17="slec"),1,IF(OR(K17="lab",K17="plab",K17="slab",K17="tut",K17="ptut",K17="stut"),0.5,IF(OR(K17="TL",K17="pTL",K17="STL"),0.75,0))),0),IF(M18="M",IF(OR(K18="lec",K18="plec",K18="slec"),1,IF(OR(K18="lab",K18="plab",K18="slab",K18="tut",K18="ptut",K18="stut"),0.5,IF(OR(K18="TL",K18="pTL",K18="STL"),0.75,0))),0)) -> 0 | X8: =S8-(T8+U8+V8+W8) -> 0 | Y8: =CONCATENATE(SUM(O8:O18),"(",SUM(O8:O18)-X8,")") -> 0(0) | AP8: =SUM(SUM(O8:O18),SUM(AI8:AI18)/2,AM8) -> 0 | AR8: =AP8*AQ8 -> 0 | AS8: =CT8 -> 0 | AT8: =AR8*0.75+AS8*0.25 -> 0 | CS8: =SUM(CS19:CS305) -> 0 | CT8: =SUM(AU8,AV8,AW8,AX8/400,AY8,AZ8,BG8,BH8*0.5,BI8*0.25,BJ8,BK8,BL8,BM8,BN8,BO8,BP8,BR8/20,BS8/100,BT8/60,BU8,BV8,BW8,BX8/4,SUM(BY8:CC18)/3,CE8,CG8/3,CI8,CK8,CM8,CO8,CQ8,CR8) -> 0 | CU8: =D8 -> STS
C9: 2 | D9: STS | O9: =IF(AND(M9<>0,M9<>"m",M9<>"",RIGHT(K9,3)="Lec"),1,IF(AND(M9<>0,M9<>"m",M9<>"",OR(RIGHT(K9,3)="Lab",RIGHT(K9,3)="Tut")),0.5,IF(AND(M9<>0,M9<>"m",M9<>"",RIGHT(K9,2)="TL"),0.75,0))) -> 0 | CU9: =D9 -> STS
C10: 3 | D10: STS | O10: =IF(AND(M10<>0,M10<>"m",M10<>"",RIGHT(K10,3)="Lec"),1,IF(AND(M10<>0,M10<>"m",M10<>"",OR(RIGHT(K10,3)="Lab",RIGHT(K10,3)="Tut")),0.5,IF(AND(M10<>0,M10<>"m",M10<>"",RIGHT(K10,2)="TL"),0.75,0))) -> 0 | CU10: =D10 -> STS
C11: 4 | D11: STS | O11: =IF(AND(M11<>0,M11<>"m",M11<>"",RIGHT(K11,3)="Lec"),1,IF(AND(M11<>0,M11<>"m",M11<>"",OR(RIGHT(K11,3)="Lab",RIGHT(K11,3)="Tut")),0.5,IF(AND(M11<>0,M11<>"m",M11<>"",RIGHT(K11,2)="TL"),0.75,0))) -> 0 | CU11: =D11 -> STS
C12: 5 | D12: STS | O12: =IF(AND(M12<>0,M12<>"m",M12<>"",RIGHT(K12,3)="Lec"),1,IF(AND(M12<>0,M12<>"m",M12<>"",OR(RIGHT(K12,3)="Lab",RIGHT(K12,3)="Tut")),0.5,IF(AND(M12<>0,M12<>"m",M12<>"",RIGHT(K12,2)="TL"),0.75,0))) -> 0 | CU12: =D12 -> STS
C13: 6 | D13: STS | O13: =IF(AND(M13<>0,M13<>"m",M13<>"",RIGHT(K13,3)="Lec"),1,IF(AND(M13<>0,M13<>"m",M13<>"",OR(RIGHT(K13,3)="Lab",RIGHT(K13,3)="Tut")),0.5,IF(AND(M13<>0,M13<>"m",M13<>"",RIGHT(K13,2)="TL"),0.75,0))) -> 0 | CU13: =D13 -> STS
C14: 7 | D14: STS | O14: =IF(AND(M14>=20,M14<>"m",RIGHT(K14,3)="Lec"),1,IF(AND(M14>=20,M14<>"m",OR(RIGHT(K14,3)="Lab",RIGHT(K14,3)="Tut")),0.5,IF(AND(M14>=20,M14<>"m",RIGHT(K14,2)="TL"),0.75,0))) -> 0 | CU14: =D14 -> STS
C15: 8 | D15: STS | O15: =IF(AND(M15>=20,M15<>"m",RIGHT(K15,3)="Lec"),1,IF(AND(M15>=20,M15<>"m",OR(RIGHT(K15,3)="Lab",RIGHT(K15,3)="Tut")),0.5,IF(AND(M15>=20,M15<>"m",RIGHT(K15,2)="TL"),0.75,0))) -> 0 | CU15: =D15 -> STS
C16: 9 | D16: STS | O16: =IF(AND(M16>=20,M16<>"m",RIGHT(K16,3)="Lec"),1,IF(AND(M16>=20,M16<>"m",OR(RIGHT(K16,3)="Lab",RIGHT(K16,3)="Tut")),0.5,IF(AND(M16>=20,M16<>"m",RIGHT(K16,2)="TL"),0.75,0))) -> 0 | CU16: =D16 -> STS
C17: 10 | D17: STS | O17: =IF(AND(M17>=20,M17<>"m",RIGHT(K17,3)="Lec"),1,IF(AND(M17>=20,M17<>"m",OR(RIGHT(K17,3)="Lab",RIGHT(K17,3)="Tut")),0.5,IF(AND(M17>=20,M17<>"m",RIGHT(K17,2)="TL"),0.75,0))) -> 0 | CU17: =D17 -> STS
C18: 11 | D18: STS | O18: =IF(AND(M18<>0,M18<>"m",M18<>"",RIGHT(K18,3)="Lec"),1,IF(AND(M18<>0,M18<>"m",M18<>"",OR(RIGHT(K18,3)="Lab",RIGHT(K18,3)="Tut")),0.5,IF(AND(M18<>0,M18<>"m",M18<>"",RIGHT(K18,2)="TL"),0.75,0))) -> 0 | CU18: =D18 -> STS
A19: 2 | B19: Mr.Darshan Bhatt DOJ: 20/07/2022 MOB: 7227888101 | C19: 1 | D19: DVB | O19: =IF(AND(M19<>0,M19<>"m",M19<>"",RIGHT(K19,3)="Lec"),1,IF(AND(M19<>0,M19<>"m",M19<>"",OR(RIGHT(K19,3)="Lab",RIGHT(K19,3)="Tut")),0.5,IF(AND(M19<>0,M19<>"m",M19<>"",RIGHT(K19,2)="TL"),0.75,0))) -> 0 | P19: =COUNTIF(K19:K29,"TL")*0.75+COUNTIF(K19:K29,"Lec")*1+COUNTIF(K19:K29,"Lab")*0.5 -> 0 | Q19: =SUM((IF(LEFT(K19,1)="E",O19,0)),(IF(LEFT(K20,1)="E",O20,0)),(IF(LEFT(K21,1)="E",O21,0)),(IF(LEFT(K22,1)="E",O22,0)),(IF(LEFT(K23,1)="E",O23,0)),(IF(LEFT(K24,1)="E",O24,0)),(IF(LEFT(K25,1)="E",O25,0)),(IF(LEFT(K26,1)="E",O26,0)),(IF(LEFT(K27,1)="E",O27,0)),(IF(LEFT(K28,1)="E",O28,0)),(IF(LEFT(K29,1)="E",O29,0))) -> 0 | R19: =SUM(IF(M25<20,IF(K25="Plec",-1,IF(K25="PTL",-0.75,IF(K25="Plab",-0.5,0))),0),IF(M26<20,IF(K26="Plec",-1,IF(K26="PTL",-0.75,IF(K26="Plab",-0.5,0))),0),IF(M27<20,IF(K27="Plec",-1,IF(K27="PTL",-0.75,IF(K27="Plab",-0.5,0))),0),IF(M28<20,IF(K28="Plec",-1,IF(K28="PTL",-0.75,IF(K28="Plab",-0.5,0))),0)) -> 0 | S19: =SUM(P19:R29) -> 0 | T19: =SUM(IF(M19="M",IF(OR(K19="lec",K19="plec",K19="slec"),1,IF(OR(K19="lab",K19="plab",K19="slab",K19="tut",K19="ptut",K19="stut"),0.5,IF(OR(K19="TL",K19="pTL",K19="STL"),0.75,0))),0),IF(M20="M",IF(OR(K20="lec",K20="plec",K20="slec"),1,IF(OR(K20="lab",K20="plab",K20="slab",K20="tut",K20="ptut",K20="stut"),0.5,IF(OR(K20="TL",K20="pTL",K20="STL"),0.75,0))),0),IF(M21="M",IF(OR(K21="lec",K21="plec",K21="slec"),1,IF(OR(K21="lab",K21="plab",K21="slab",K21="tut",K21="ptut",K21="stut"),0.5,IF(OR(K21="TL",K21="pTL",K21="STL"),0.75,0))),0),IF(M22="M",IF(OR(K22="lec",K22="plec",K22="slec"),1,IF(OR(K22="lab",K22="plab",K22="slab",K22="tut",K22="ptut",K22="stut"),0.5,IF(OR(K22="TL",K22="pTL",K22="STL"),0.75,0))),0),IF(M23="M",IF(OR(K23="lec",K23="plec",K23="slec"),1,IF(OR(K23="lab",K23="plab",K23="slab",K23="tut",K23="ptut",K23="stut"),0.5,IF(OR(K23="TL",K23="pTL",K23="STL"),0.75,0))),0),IF(M24="M",IF(OR(K24="lec",K24="plec",K24="slec"),1,IF(OR(K24="lab",K24="plab",K24="slab",K24="tut",K24="ptut",K24="stut"),0.5,IF(OR(K24="TL",K24="pTL",K24="STL"),0.75,0))),0),IF(M25="M",IF(OR(K25="lec",K25="plec",K25="slec"),1,IF(OR(K25="lab",K25="plab",K25="slab",K25="tut",K25="ptut",K25="stut"),0.5,IF(OR(K25="TL",K25="pTL",K25="STL"),0.75,0))),0),IF(M26="M",IF(OR(K26="lec",K26="plec",K26="slec"),1,IF(OR(K26="lab",K26="plab",K26="slab",K26="tut",K26="ptut",K26="stut"),0.5,IF(OR(K26="TL",K26="pTL",K26="STL"),0.75,0))),0),IF(M27="M",IF(OR(K27="lec",K27="plec",K27="slec"),1,IF(OR(K27="lab",K27="plab",K27="slab",K27="tut",K27="ptut",K27="stut"),0.5,IF(OR(K27="TL",K27="pTL",K27="STL"),0.75,0))),0),IF(M28="M",IF(OR(K28="lec",K28="plec",K28="slec"),1,IF(OR(K28="lab",K28="plab",K28="slab",K28="tut",K28="ptut",K28="stut"),0.5,IF(OR(K28="TL",K28="pTL",K28="STL"),0.75,0))),0),IF(M29="M",IF(OR(K29="lec",K29="plec",K29="slec"),1,IF(OR(K29="lab",K29="plab",K29="slab",K29="tut",K29="ptut",K29="stut"),0.5,IF(OR(K29="TL",K29="pTL",K29="STL"),0.75,0))),0)) -> 0 | X19: =S19-(T19+U19+V19+W19) -> 0 | Y19: =CONCATENATE(SUM(O19:O29),"(",SUM(O19:O29)-X19,")") -> 0(0) | AP19: =SUM(SUM(O19:O29),SUM(AI19:AI29)/2,AM19) -> 0 | AR19: =AP19*AQ19 -> 0 | AS19: =CT19 -> 0.35 | AT19: =AR19*0.75+AS19*0.25 -> 0.0875 | BQ19: Phone call to parent for failed students in T1-PS Exam | BR19: 7 | BS19: 0 | CS19: =SUM(IF(AU19<0,ABS(AU19),0),IF(AZ19<0,ABS(AZ19),0),ABS(CI19),ABS(CK19),ABS(CM19),ABS(CO19),ABS(CQ19),ABS(CR19)) -> 0 | CT19: =SUM(AU19,AV19,AW19,AX19/400,AY19,AZ19,BG19,BH19*0.5,BI19*0.25,BJ19,BK19,BL19,BM19,BN19,BO19,BP19,BR19/20,BS19/100,BT19/60,BU19,BV19,BW19,BX19/4,SUM(BY19:CC29)/3,CE19,CG19/3,CI19,CK19,CM19,CO19,CQ19,CR19) -> 0.35 | CU19: =D19 -> DVB
C20: 2 | D20: DVB | O20: =IF(AND(M20<>0,M20<>"m",M20<>"",RIGHT(K20,3)="Lec"),1,IF(AND(M20<>0,M20<>"m",M20<>"",OR(RIGHT(K20,3)="Lab",RIGHT(K20,3)="Tut")),0.5,IF(AND(M20<>0,M20<>"m",M20<>"",RIGHT(K20,2)="TL"),0.75,0))) -> 0 | CU20: =D20 -> DVB
C21: 3 | D21: DVB | O21: =IF(AND(M21<>0,M21<>"m",M21<>"",RIGHT(K21,3)="Lec"),1,IF(AND(M21<>0,M21<>"m",M21<>"",OR(RIGHT(K21,3)="Lab",RIGHT(K21,3)="Tut")),0.5,IF(AND(M21<>0,M21<>"m",M21<>"",RIGHT(K21,2)="TL"),0.75,0))) -> 0 | CU21: =D21 -> DVB
C22: 4 | D22: DVB | O22: =IF(AND(M22<>0,M22<>"m",M22<>"",RIGHT(K22,3)="Lec"),1,IF(AND(M22<>0,M22<>"m",M22<>"",OR(RIGHT(K22,3)="Lab",RIGHT(K22,3)="Tut")),0.5,IF(AND(M22<>0,M22<>"m",M22<>"",RIGHT(K22,2)="TL"),0.75,0))) -> 0 | CU22: =D22 -> DVB
C23: 5 | D23: DVB | O23: =IF(AND(M23<>0,M23<>"m",M23<>"",RIGHT(K23,3)="Lec"),1,IF(AND(M23<>0,M23<>"m",M23<>"",OR(RIGHT(K23,3)="Lab",RIGHT(K23,3)="Tut")),0.5,IF(AND(M23<>0,M23<>"m",M23<>"",RIGHT(K23,2)="TL"),0.75,0))) -> 0 | CU23: =D23 -> DVB
C24: 6 | D24: DVB | O24: =IF(AND(M24<>0,M24<>"m",M24<>"",RIGHT(K24,3)="Lec"),1,IF(AND(M24<>0,M24<>"m",M24<>"",OR(RIGHT(K24,3)="Lab",RIGHT(K24,3)="Tut")),0.5,IF(AND(M24<>0,M24<>"m",M24<>"",RIGHT(K24,2)="TL"),0.75,0))) -> 0 | CU24: =D24 -> DVB
C25: 7 | D25: DVB | O25: =IF(AND(M25>=20,M25<>"m",RIGHT(K25,3)="Lec"),1,IF(AND(M25>=20,M25<>"m",OR(RIGHT(K25,3)="Lab",RIGHT(K25,3)="Tut")),0.5,IF(AND(M25>=20,M25<>"m",RIGHT(K25,2)="TL"),0.75,0))) -> 0 | CU25: =D25 -> DVB
C26: 8 | D26: DVB | O26: =IF(AND(M26>=20,M26<>"m",RIGHT(K26,3)="Lec"),1,IF(AND(M26>=20,M26<>"m",OR(RIGHT(K26,3)="Lab",RIGHT(K26,3)="Tut")),0.5,IF(AND(M26>=20,M26<>"m",RIGHT(K26,2)="TL"),0.75,0))) -> 0 | CU26: =D26 -> DVB
C27: 9 | D27: DVB | O27: =IF(AND(M27>=20,M27<>"m",RIGHT(K27,3)="Lec"),1,IF(AND(M27>=20,M27<>"m",OR(RIGHT(K27,3)="Lab",RIGHT(K27,3)="Tut")),0.5,IF(AND(M27>=20,M27<>"m",RIGHT(K27,2)="TL"),0.75,0))) -> 0 | CU27: =D27 -> DVB
C28: 10 | D28: DVB | O28: =IF(AND(M28>=20,M28<>"m",RIGHT(K28,3)="Lec"),1,IF(AND(M28>=20,M28<>"m",OR(RIGHT(K28,3)="Lab",RIGHT(K28,3)="Tut")),0.5,IF(AND(M28>=20,M28<>"m",RIGHT(K28,2)="TL"),0.75,0))) -> 0 | CU28: =D28 -> DVB
C29: 11 | D29: DVB | O29: =IF(AND(M29<>0,M29<>"m",M29<>"",RIGHT(K29,3)="Lec"),1,IF(AND(M29<>0,M29<>"m",M29<>"",OR(RIGHT(K29,3)="Lab",RIGHT(K29,3)="Tut")),0.5,IF(AND(M29<>0,M29<>"m",M29<>"",RIGHT(K29,2)="TL"),0.75,0))) -> 0 | CU29: =D29 -> DVB
A30: 3 | B30: Ms. Mansi Hedav DOJ: 01/04/2022 MOB: 9408362853 | C30: 1 | D30: MPH | O30: =IF(AND(M30<>0,M30<>"m",M30<>"",RIGHT(K30,3)="Lec"),1,IF(AND(M30<>0,M30<>"m",M30<>"",OR(RIGHT(K30,3)="Lab",RIGHT(K30,3)="Tut")),0.5,IF(AND(M30<>0,M30<>"m",M30<>"",RIGHT(K30,2)="TL"),0.75,0))) -> 0 | P30: =COUNTIF(K30:K40,"TL")*0.75+COUNTIF(K30:K40,"Lec")*1+COUNTIF(K30:K40,"Lab")*0.5 -> 0 | Q30: =SUM((IF(LEFT(K30,1)="E",O30,0)),(IF(LEFT(K31,1)="E",O31,0)),(IF(LEFT(K32,1)="E",O32,0)),(IF(LEFT(K33,1)="E",O33,0)),(IF(LEFT(K34,1)="E",O34,0)),(IF(LEFT(K35,1)="E",O35,0)),(IF(LEFT(K36,1)="E",O36,0)),(IF(LEFT(K37,1)="E",O37,0)),(IF(LEFT(K38,1)="E",O38,0)),(IF(LEFT(K39,1)="E",O39,0)),(IF(LEFT(K40,1)="E",O40,0))) -> 0 | R30: =SUM(IF(M36<20,IF(K36="Plec",-1,IF(K36="PTL",-0.75,IF(K36="Plab",-0.5,0))),0),IF(M37<20,IF(K37="Plec",-1,IF(K37="PTL",-0.75,IF(K37="Plab",-0.5,0))),0),IF(M38<20,IF(K38="Plec",-1,IF(K38="PTL",-0.75,IF(K38="Plab",-0.5,0))),0),IF(M39<20,IF(K39="Plec",-1,IF(K39="PTL",-0.75,IF(K39="Plab",-0.5,0))),0)) -> 0 | S30: =SUM(P30:R40) -> 0 | T30: =SUM(IF(M30="M",IF(OR(K30="lec",K30="plec",K30="slec"),1,IF(OR(K30="lab",K30="plab",K30="slab",K30="tut",K30="ptut",K30="stut"),0.5,IF(OR(K30="TL",K30="pTL",K30="STL"),0.75,0))),0),IF(M31="M",IF(OR(K31="lec",K31="plec",K31="slec"),1,IF(OR(K31="lab",K31="plab",K31="slab",K31="tut",K31="ptut",K31="stut"),0.5,IF(OR(K31="TL",K31="pTL",K31="STL"),0.75,0))),0),IF(M32="M",IF(OR(K32="lec",K32="plec",K32="slec"),1,IF(OR(K32="lab",K32="plab",K32="slab",K32="tut",K32="ptut",K32="stut"),0.5,IF(OR(K32="TL",K32="pTL",K32="STL"),0.75,0))),0),IF(M33="M",IF(OR(K33="lec",K33="plec",K33="slec"),1,IF(OR(K33="lab",K33="plab",K33="slab",K33="tut",K33="ptut",K33="stut"),0.5,IF(OR(K33="TL",K33="pTL",K33="STL"),0.75,0))),0),IF(M34="M",IF(OR(K34="lec",K34="plec",K34="slec"),1,IF(OR(K34="lab",K34="plab",K34="slab",K34="tut",K34="ptut",K34="stut"),0.5,IF(OR(K34="TL",K34="pTL",K34="STL"),0.75,0))),0),IF(M35="M",IF(OR(K35="lec",K35="plec",K35="slec"),1,IF(OR(K35="lab",K35="plab",K35="slab",K35="tut",K35="ptut",K35="stut"),0.5,IF(OR(K35="TL",K35="pTL",K35="STL"),0.75,0))),0),IF(M36="M",IF(OR(K36="lec",K36="plec",K36="slec"),1,IF(OR(K36="lab",K36="plab",K36="slab",K36="tut",K36="ptut",K36="stut"),0.5,IF(OR(K36="TL",K36="pTL",K36="STL"),0.75,0))),0),IF(M37="M",IF(OR(K37="lec",K37="plec",K37="slec"),1,IF(OR(K37="lab",K37="plab",K37="slab",K37="tut",K37="ptut",K37="stut"),0.5,IF(OR(K37="TL",K37="pTL",K37="STL"),0.75,0))),0),IF(M38="M",IF(OR(K38="lec",K38="plec",K38="slec"),1,IF(OR(K38="lab",K38="plab",K38="slab",K38="tut",K38="ptut",K38="stut"),0.5,IF(OR(K38="TL",K38="pTL",K38="STL"),0.75,0))),0),IF(M39="M",IF(OR(K39="lec",K39="plec",K39="slec"),1,IF(OR(K39="lab",K39="plab",K39="slab",K39="tut",K39="ptut",K39="stut"),0.5,IF(OR(K39="TL",K39="pTL",K39="STL"),0.75,0))),0),IF(M40="M",IF(OR(K40="lec",K40="plec",K40="slec"),1,IF(OR(K40="lab",K40="plab",K40="slab",K40="tut",K40="ptut",K40="stut"),0.5,IF(OR(K40="TL",K40="pTL",K40="STL"),0.75,0))),0)) -> 0 | X30: =S30-(T30+U30+V30+W30) -> 0 | Y30: =CONCATENATE(SUM(O30:O40),"(",SUM(O30:O40)-X30,")") -> 0(0) | AP30: =SUM(SUM(O30:O40),SUM(AI30:AI40)/2,AM30) -> 0 | AR30: =AP30*AQ30 -> 0 | AS30: =CT30 -> 5.6 | AT30: =AR30*0.75+AS30*0.25 -> 1.4 | BM30: 5.3 | BQ30: Phone call to parent for failed students in T1-PS Exam | BR30: 6 | BS30: 0 | CF30: DONE PAPER EVALUATION OF PS T-1 EXAM IN SY-2 DEPARTMENT 83 PAPERS | CS30: =SUM(IF(AU30<0,ABS(AU30),0),IF(AZ30<0,ABS(AZ30),0),ABS(CI30),ABS(CK30),ABS(CM30),ABS(CO30),ABS(CQ30),ABS(CR30)) -> 0 | CT30: =SUM(AU30,AV30,AW30,AX30/400,AY30,AZ30,BG30,BH30*0.5,BI30*0.25,BJ30,BK30,BL30,BM30,BN30,BO30,BP30,BR30/20,BS30/100,BT30/60,BU30,BV30,BW30,BX30/4,SUM(BY30:CC40)/3,CE30,CG30/3,CI30,CK30,CM30,CO30,CQ30,CR30) -> 5.6 | CU30: =D30 -> MPH
C31: 2 | D31: MPH | O31: =IF(AND(M31<>0,M31<>"m",M31<>"",RIGHT(K31,3)="Lec"),1,IF(AND(M31<>0,M31<>"m",M31<>"",OR(RIGHT(K31,3)="Lab",RIGHT(K31,3)="Tut")),0.5,IF(AND(M31<>0,M31<>"m",M31<>"",RIGHT(K31,2)="TL"),0.75,0))) -> 0 | CU31: =D31 -> MPH
C32: 3 | D32: MPH | O32: =IF(AND(M32<>0,M32<>"m",M32<>"",RIGHT(K32,3)="Lec"),1,IF(AND(M32<>0,M32<>"m",M32<>"",OR(RIGHT(K32,3)="Lab",RIGHT(K32,3)="Tut")),0.5,IF(AND(M32<>0,M32<>"m",M32<>"",RIGHT(K32,2)="TL"),0.75,0))) -> 0 | CU32: =D32 -> MPH
C33: 4 | D33: MPH | O33: =IF(AND(M33<>0,M33<>"m",M33<>"",RIGHT(K33,3)="Lec"),1,IF(AND(M33<>0,M33<>"m",M33<>"",OR(RIGHT(K33,3)="Lab",RIGHT(K33,3)="Tut")),0.5,IF(AND(M33<>0,M33<>"m",M33<>"",RIGHT(K33,2)="TL"),0.75,0))) -> 0 | CU33: =D33 -> MPH
C34: 5 | D34: MPH | O34: =IF(AND(M34<>0,M34<>"m",M34<>"",RIGHT(K34,3)="Lec"),1,IF(AND(M34<>0,M34<>"m",M34<>"",OR(RIGHT(K34,3)="Lab",RIGHT(K34,3)="Tut")),0.5,IF(AND(M34<>0,M34<>"m",M34<>"",RIGHT(K34,2)="TL"),0.75,0))) -> 0 | CU34: =D34 -> MPH
C35: 6 | D35: MPH | O35: =IF(AND(M35<>0,M35<>"m",M35<>"",RIGHT(K35,3)="Lec"),1,IF(AND(M35<>0,M35<>"m",M35<>"",OR(RIGHT(K35,3)="Lab",RIGHT(K35,3)="Tut")),0.5,IF(AND(M35<>0,M35<>"m",M35<>"",RIGHT(K35,2)="TL"),0.75,0))) -> 0 | CU35: =D35 -> MPH
C36: 7 | D36: MPH | O36: =IF(AND(M36>=20,M36<>"m",RIGHT(K36,3)="Lec"),1,IF(AND(M36>=20,M36<>"m",OR(RIGHT(K36,3)="Lab",RIGHT(K36,3)="Tut")),0.5,IF(AND(M36>=20,M36<>"m",RIGHT(K36,2)="TL"),0.75,0))) -> 0 | CU36: =D36 -> MPH
C37: 8 | D37: MPH | O37: =IF(AND(M37>=20,M37<>"m",RIGHT(K37,3)="Lec"),1,IF(AND(M37>=20,M37<>"m",OR(RIGHT(K37,3)="Lab",RIGHT(K37,3)="Tut")),0.5,IF(AND(M37>=20,M37<>"m",RIGHT(K37,2)="TL"),0.75,0))) -> 0 | CU37: =D37 -> MPH
C38: 9 | D38: MPH | O38: =IF(AND(M38>=20,M38<>"m",RIGHT(K38,3)="Lec"),1,IF(AND(M38>=20,M38<>"m",OR(RIGHT(K38,3)="Lab",RIGHT(K38,3)="Tut")),0.5,IF(AND(M38>=20,M38<>"m",RIGHT(K38,2)="TL"),0.75,0))) -> 0 | CU38: =D38 -> MPH
C39: 10 | D39: MPH | O39: =IF(AND(M39>=20,M39<>"m",RIGHT(K39,3)="Lec"),1,IF(AND(M39>=20,M39<>"m",OR(RIGHT(K39,3)="Lab",RIGHT(K39,3)="Tut")),0.5,IF(AND(M39>=20,M39<>"m",RIGHT(K39,2)="TL"),0.75,0))) -> 0 | CU39: =D39 -> MPH
C40: 11 | D40: MPH | O40: =IF(AND(M40<>0,M40<>"m",M40<>"",RIGHT(K40,3)="Lec"),1,IF(AND(M40<>0,M40<>"m",M40<>"",OR(RIGHT(K40,3)="Lab",RIGHT(K40,3)="Tut")),0.5,IF(AND(M40<>0,M40<>"m",M40<>"",RIGHT(K40,2)="TL"),0.75,0))) -> 0 | CU40: =D40 -> MPH
A41: 4 | B41: Mr.Mehul Kodiya DOJ: 16/06/2015 MOB: 9998650442 | C41: 1 | D41: MVK | O41: =IF(AND(M41<>0,M41<>"m",M41<>"",RIGHT(K41,3)="Lec"),1,IF(AND(M41<>0,M41<>"m",M41<>"",OR(RIGHT(K41,3)="Lab",RIGHT(K41,3)="Tut")),0.5,IF(AND(M41<>0,M41<>"m",M41<>"",RIGHT(K41,2)="TL"),0.75,0))) -> 0 | P41: =COUNTIF(K41:K51,"TL")*0.75+COUNTIF(K41:K51,"Lec")*1+COUNTIF(K41:K51,"Lab")*0.5 -> 0 | Q41: =SUM((IF(LEFT(K41,1)="E",O41,0)),(IF(LEFT(K42,1)="E",O42,0)),(IF(LEFT(K43,1)="E",O43,0)),(IF(LEFT(K44,1)="E",O44,0)),(IF(LEFT(K45,1)="E",O45,0)),(IF(LEFT(K46,1)="E",O46,0)),(IF(LEFT(K47,1)="E",O47,0)),(IF(LEFT(K48,1)="E",O48,0)),(IF(LEFT(K49,1)="E",O49,0)),(IF(LEFT(K50,1)="E",O50,0)),(IF(LEFT(K51,1)="E",O51,0))) -> 0 | R41: =SUM(IF(M47<20,IF(K47="Plec",-1,IF(K47="PTL",-0.75,IF(K47="Plab",-0.5,0))),0),IF(M48<20,IF(K48="Plec",-1,IF(K48="PTL",-0.75,IF(K48="Plab",-0.5,0))),0),IF(M49<20,IF(K49="Plec",-1,IF(K49="PTL",-0.75,IF(K49="Plab",-0.5,0))),0),IF(M50<20,IF(K50="Plec",-1,IF(K50="PTL",-0.75,IF(K50="Plab",-0.5,0))),0)) -> 0 | S41: =SUM(P41:R51) -> 0 | T41: =SUM(IF(M41="M",IF(OR(K41="lec",K41="plec",K41="slec"),1,IF(OR(K41="lab",K41="plab",K41="slab",K41="tut",K41="ptut",K41="stut"),0.5,IF(OR(K41="TL",K41="pTL",K41="STL"),0.75,0))),0),IF(M42="M",IF(OR(K42="lec",K42="plec",K42="slec"),1,IF(OR(K42="lab",K42="plab",K42="slab",K42="tut",K42="ptut",K42="stut"),0.5,IF(OR(K42="TL",K42="pTL",K42="STL"),0.75,0))),0),IF(M43="M",IF(OR(K43="lec",K43="plec",K43="slec"),1,IF(OR(K43="lab",K43="plab",K43="slab",K43="tut",K43="ptut",K43="stut"),0.5,IF(OR(K43="TL",K43="pTL",K43="STL"),0.75,0))),0),IF(M44="M",IF(OR(K44="lec",K44="plec",K44="slec"),1,IF(OR(K44="lab",K44="plab",K44="slab",K44="tut",K44="ptut",K44="stut"),0.5,IF(OR(K44="TL",K44="pTL",K44="STL"),0.75,0))),0),IF(M45="M",IF(OR(K45="lec",K45="plec",K45="slec"),1,IF(OR(K45="lab",K45="plab",K45="slab",K45="tut",K45="ptut",K45="stut"),0.5,IF(OR(K45="TL",K45="pTL",K45="STL"),0.75,0))),0),IF(M46="M",IF(OR(K46="lec",K46="plec",K46="slec"),1,IF(OR(K46="lab",K46="plab",K46="slab",K46="tut",K46="ptut",K46="stut"),0.5,IF(OR(K46="TL",K46="pTL",K46="STL"),0.75,0))),0),IF(M47="M",IF(OR(K47="lec",K47="plec",K47="slec"),1,IF(OR(K47="lab",K47="plab",K47="slab",K47="tut",K47="ptut",K47="stut"),0.5,IF(OR(K47="TL",K47="pTL",K47="STL"),0.75,0))),0),IF(M48="M",IF(OR(K48="lec",K48="plec",K48="slec"),1,IF(OR(K48="lab",K48="plab",K48="slab",K48="tut",K48="ptut",K48="stut"),0.5,IF(OR(K48="TL",K48="pTL",K48="STL"),0.75,0))),0),IF(M49="M",IF(OR(K49="lec",K49="plec",K49="slec"),1,IF(OR(K49="lab",K49="plab",K49="slab",K49="tut",K49="ptut",K49="stut"),0.5,IF(OR(K49="TL",K49="pTL",K49="STL"),0.75,0))),0),IF(M50="M",IF(OR(K50="lec",K50="plec",K50="slec"),1,IF(OR(K50="lab",K50="plab",K50="slab",K50="tut",K50="ptut",K50="stut"),0.5,IF(OR(K50="TL",K50="pTL",K50="STL"),0.75,0))),0),IF(M51="M",IF(OR(K51="lec",K51="plec",K51="slec"),1,IF(OR(K51="lab",K51="plab",K51="slab",K51="tut",K51="ptut",K51="stut"),0.5,IF(OR(K51="TL",K51="pTL",K51="STL"),0.75,0))),0)) -> 0 | X41: =S41-(T41+U41+V41+W41) -> 0 | Y41: =CONCATENATE(SUM(O41:O51),"(",SUM(O41:O51)-X41,")") -> 0(0) | AP41: =SUM(SUM(O41:O51),SUM(AI41:AI51)/2,AM41) -> 0 | AR41: =AP41*AQ41 -> 0 | AS41: =CT41 -> 0.2 | AT41: =AR41*0.75+AS41*0.25 -> 0.05 | BQ41: Phone call to parent for failed students in T1-PS Exam | BR41: 4 | BS41: 0 | CH41: 1 | CI41: 0 | CS41: =SUM(IF(AU41<0,ABS(AU41),0),IF(AZ41<0,ABS(AZ41),0),ABS(CI41),ABS(CK41),ABS(CM41),ABS(CO41),ABS(CQ41),ABS(CR41)) -> 0 | CT41: =SUM(AU41,AV41,AW41,AX41/400,AY41,AZ41,BG41,BH41*0.5,BI41*0.25,BJ41,BK41,BL41,BM41,BN41,BO41,BP41,BR41/20,BS41/100,BT41/60,BU41,BV41,BW41,BX41/4,SUM(BY41:CC51)/3,CE41,CG41/3,CI41,CK41,CM41,CO41,CQ41,CR41) -> 0.2 | CU41: =D41 -> MVK
C42: 2 | D42: MVK | O42: =IF(AND(M42<>0,M42<>"m",M42<>"",RIGHT(K42,3)="Lec"),1,IF(AND(M42<>0,M42<>"m",M42<>"",OR(RIGHT(K42,3)="Lab",RIGHT(K42,3)="Tut")),0.5,IF(AND(M42<>0,M42<>"m",M42<>"",RIGHT(K42,2)="TL"),0.75,0))) -> 0 | CU42: =D42 -> MVK
C43: 3 | D43: MVK | O43: =IF(AND(M43<>0,M43<>"m",M43<>"",RIGHT(K43,3)="Lec"),1,IF(AND(M43<>0,M43<>"m",M43<>"",OR(RIGHT(K43,3)="Lab",RIGHT(K43,3)="Tut")),0.5,IF(AND(M43<>0,M43<>"m",M43<>"",RIGHT(K43,2)="TL"),0.75,0))) -> 0 | CU43: =D43 -> MVK
C44: 4 | D44: MVK | O44: =IF(AND(M44<>0,M44<>"m",M44<>"",RIGHT(K44,3)="Lec"),1,IF(AND(M44<>0,M44<>"m",M44<>"",OR(RIGHT(K44,3)="Lab",RIGHT(K44,3)="Tut")),0.5,IF(AND(M44<>0,M44<>"m",M44<>"",RIGHT(K44,2)="TL"),0.75,0))) -> 0 | CU44: =D44 -> MVK
C45: 5 | D45: MVK | O45: =IF(AND(M45<>0,M45<>"m",M45<>"",RIGHT(K45,3)="Lec"),1,IF(AND(M45<>0,M45<>"m",M45<>"",OR(RIGHT(K45,3)="Lab",RIGHT(K45,3)="Tut")),0.5,IF(AND(M45<>0,M45<>"m",M45<>"",RIGHT(K45,2)="TL"),0.75,0))) -> 0 | CU45: =D45 -> MVK
C46: 6 | D46: MVK | O46: =IF(AND(M46<>0,M46<>"m",M46<>"",RIGHT(K46,3)="Lec"),1,IF(AND(M46<>0,M46<>"m",M46<>"",OR(RIGHT(K46,3)="Lab",RIGHT(K46,3)="Tut")),0.5,IF(AND(M46<>0,M46<>"m",M46<>"",RIGHT(K46,2)="TL"),0.75,0))) -> 0 | CU46: =D46 -> MVK
C47: 7 | D47: MVK | O47: =IF(AND(M47>=20,M47<>"m",RIGHT(K47,3)="Lec"),1,IF(AND(M47>=20,M47<>"m",OR(RIGHT(K47,3)="Lab",RIGHT(K47,3)="Tut")),0.5,IF(AND(M47>=20,M47<>"m",RIGHT(K47,2)="TL"),0.75,0))) -> 0 | CU47: =D47 -> MVK
C48: 8 | D48: MVK | O48: =IF(AND(M48>=20,M48<>"m",RIGHT(K48,3)="Lec"),1,IF(AND(M48>=20,M48<>"m",OR(RIGHT(K48,3)="Lab",RIGHT(K48,3)="Tut")),0.5,IF(AND(M48>=20,M48<>"m",RIGHT(K48,2)="TL"),0.75,0))) -> 0 | CU48: =D48 -> MVK
C49: 9 | D49: MVK | O49: =IF(AND(M49>=20,M49<>"m",RIGHT(K49,3)="Lec"),1,IF(AND(M49>=20,M49<>"m",OR(RIGHT(K49,3)="Lab",RIGHT(K49,3)="Tut")),0.5,IF(AND(M49>=20,M49<>"m",RIGHT(K49,2)="TL"),0.75,0))) -> 0 | CU49: =D49 -> MVK
C50: 10 | D50: MVK | O50: =IF(AND(M50>=20,M50<>"m",RIGHT(K50,3)="Lec"),1,IF(AND(M50>=20,M50<>"m",OR(RIGHT(K50,3)="Lab",RIGHT(K50,3)="Tut")),0.5,IF(AND(M50>=20,M50<>"m",RIGHT(K50,2)="TL"),0.75,0))) -> 0 | CU50: =D50 -> MVK
C51: 11 | D51: MVK | O51: =IF(AND(M51<>0,M51<>"m",M51<>"",RIGHT(K51,3)="Lec"),1,IF(AND(M51<>0,M51<>"m",M51<>"",OR(RIGHT(K51,3)="Lab",RIGHT(K51,3)="Tut")),0.5,IF(AND(M51<>0,M51<>"m",M51<>"",RIGHT(K51,2)="TL"),0.75,0))) -> 0 | CU51: =D51 -> MVK
A52: 5 | B52: Ms.Priyanka Sinha DOJ: 01/03/2023 MOB: 9558836857 | C52: 1 | D52: PCS | O52: =IF(AND(M52<>0,M52<>"m",M52<>"",RIGHT(K52,3)="Lec"),1,IF(AND(M52<>0,M52<>"m",M52<>"",OR(RIGHT(K52,3)="Lab",RIGHT(K52,3)="Tut")),0.5,IF(AND(M52<>0,M52<>"m",M52<>"",RIGHT(K52,2)="TL"),0.75,0))) -> 0 | P52: =COUNTIF(K52:K62,"TL")*0.75+COUNTIF(K52:K62,"Lec")*1+COUNTIF(K52:K62,"Lab")*0.5 -> 0 | Q52: =SUM((IF(LEFT(K52,1)="E",O52,0)),(IF(LEFT(K53,1)="E",O53,0)),(IF(LEFT(K54,1)="E",O54,0)),(IF(LEFT(K55,1)="E",O55,0)),(IF(LEFT(K56,1)="E",O56,0)),(IF(LEFT(K57,1)="E",O57,0)),(IF(LEFT(K58,1)="E",O58,0)),(IF(LEFT(K59,1)="E",O59,0)),(IF(LEFT(K60,1)="E",O60,0)),(IF(LEFT(K61,1)="E",O61,0)),(IF(LEFT(K62,1)="E",O62,0))) -> 0 | R52: =SUM(IF(M58<20,IF(K58="Plec",-1,IF(K58="PTL",-0.75,IF(K58="Plab",-0.5,0))),0),IF(M59<20,IF(K59="Plec",-1,IF(K59="PTL",-0.75,IF(K59="Plab",-0.5,0))),0),IF(M60<20,IF(K60="Plec",-1,IF(K60="PTL",-0.75,IF(K60="Plab",-0.5,0))),0),IF(M61<20,IF(K61="Plec",-1,IF(K61="PTL",-0.75,IF(K61="Plab",-0.5,0))),0)) -> 0 | S52: =SUM(P52:R62) -> 0 | T52: =SUM(IF(M52="M",IF(OR(K52="lec",K52="plec",K52="slec"),1,IF(OR(K52="lab",K52="plab",K52="slab",K52="tut",K52="ptut",K52="stut"),0.5,IF(OR(K52="TL",K52="pTL",K52="STL"),0.75,0))),0),IF(M53="M",IF(OR(K53="lec",K53="plec",K53="slec"),1,IF(OR(K53="lab",K53="plab",K53="slab",K53="tut",K53="ptut",K53="stut"),0.5,IF(OR(K53="TL",K53="pTL",K53="STL"),0.75,0))),0),IF(M54="M",IF(OR(K54="lec",K54="plec",K54="slec"),1,IF(OR(K54="lab",K54="plab",K54="slab",K54="tut",K54="ptut",K54="stut"),0.5,IF(OR(K54="TL",K54="pTL",K54="STL"),0.75,0))),0),IF(M55="M",IF(OR(K55="lec",K55="plec",K55="slec"),1,IF(OR(K55="lab",K55="plab",K55="slab",K55="tut",K55="ptut",K55="stut"),0.5,IF(OR(K55="TL",K55="pTL",K55="STL"),0.75,0))),0),IF(M56="M",IF(OR(K56="lec",K56="plec",K56="slec"),1,IF(OR(K56="lab",K56="plab",K56="slab",K56="tut",K56="ptut",K56="stut"),0.5,IF(OR(K56="TL",K56="pTL",K56="STL"),0.75,0))),0),IF(M57="M",IF(OR(K57="lec",K57="plec",K57="slec"),1,IF(OR(K57="lab",K57="plab",K57="slab",K57="tut",K57="ptut",K57="stut"),0.5,IF(OR(K57="TL",K57="pTL",K57="STL"),0.75,0))),0),IF(M58="M",IF(OR(K58="lec",K58="plec",K58="slec"),1,IF(OR(K58="lab",K58="plab",K58="slab",K58="tut",K58="ptut",K58="stut"),0.5,IF(OR(K58="TL",K58="pTL",K58="STL"),0.75,0))),0),IF(M59="M",IF(OR(K59="lec",K59="plec",K59="slec"),1,IF(OR(K59="lab",K59="plab",K59="slab",K59="tut",K59="ptut",K59="stut"),0.5,IF(OR(K59="TL",K59="pTL",K59="STL"),0.75,0))),0),IF(M60="M",IF(OR(K60="lec",K60="plec",K60="slec"),1,IF(OR(K60="lab",K60="plab",K60="slab",K60="tut",K60="ptut",K60="stut"),0.5,IF(OR(K60="TL",K60="pTL",K60="STL"),0.75,0))),0),IF(M61="M",IF(OR(K61="lec",K61="plec",K61="slec"),1,IF(OR(K61="lab",K61="plab",K61="slab",K61="tut",K61="ptut",K61="stut"),0.5,IF(OR(K61="TL",K61="pTL",K61="STL"),0.75,0))),0),IF(M62="M",IF(OR(K62="lec",K62="plec",K62="slec"),1,IF(OR(K62="lab",K62="plab",K62="slab",K62="tut",K62="ptut",K62="stut"),0.5,IF(OR(K62="TL",K62="pTL",K62="STL"),0.75,0))),0)) -> 0 | X52: =S52-(T52+U52+V52+W52) -> 0 | Y52: =CONCATENATE(SUM(O52:O62),"(",SUM(O52:O62)-X52,")") -> 0(0) | AP52: =SUM(SUM(O52:O62),SUM(AI52:AI62)/2,AM52) -> 0 | AR52: =AP52*AQ52 -> 0 | AS52: =CT52 -> 0.25 | AT52: =AR52*0.75+AS52*0.25 -> 0.0625 | BQ52: Phone call to parent for failed students in T1-PS Exam | BR52: 5 | BS52: 0 | CS52: =SUM(IF(AU52<0,ABS(AU52),0),IF(AZ52<0,ABS(AZ52),0),ABS(CI52),ABS(CK52),ABS(CM52),ABS(CO52),ABS(CQ52),ABS(CR52)) -> 0 | CT52: =SUM(AU52,AV52,AW52,AX52/400,AY52,AZ52,BG52,BH52*0.5,BI52*0.25,BJ52,BK52,BL52,BM52,BN52,BO52,BP52,BR52/20,BS52/100,BT52/60,BU52,BV52,BW52,BX52/4,SUM(BY52:CC62)/3,CE52,CG52/3,CI52,CK52,CM52,CO52,CQ52,CR52) -> 0.25 | CU52: =D52 -> PCS
C53: 2 | D53: PCS | O53: =IF(AND(M53<>0,M53<>"m",M53<>"",RIGHT(K53,3)="Lec"),1,IF(AND(M53<>0,M53<>"m",M53<>"",OR(RIGHT(K53,3)="Lab",RIGHT(K53,3)="Tut")),0.5,IF(AND(M53<>0,M53<>"m",M53<>"",RIGHT(K53,2)="TL"),0.75,0))) -> 0 | CU53: =D53 -> PCS
C54: 3 | D54: PCS | O54: =IF(AND(M54<>0,M54<>"m",M54<>"",RIGHT(K54,3)="Lec"),1,IF(AND(M54<>0,M54<>"m",M54<>"",OR(RIGHT(K54,3)="Lab",RIGHT(K54,3)="Tut")),0.5,IF(AND(M54<>0,M54<>"m",M54<>"",RIGHT(K54,2)="TL"),0.75,0))) -> 0 | CU54: =D54 -> PCS
C55: 4 | D55: PCS | O55: =IF(AND(M55<>0,M55<>"m",M55<>"",RIGHT(K55,3)="Lec"),1,IF(AND(M55<>0,M55<>"m",M55<>"",OR(RIGHT(K55,3)="Lab",RIGHT(K55,3)="Tut")),0.5,IF(AND(M55<>0,M55<>"m",M55<>"",RIGHT(K55,2)="TL"),0.75,0))) -> 0 | CU55: =D55 -> PCS
C56: 5 | D56: PCS | O56: =IF(AND(M56<>0,M56<>"m",M56<>"",RIGHT(K56,3)="Lec"),1,IF(AND(M56<>0,M56<>"m",M56<>"",OR(RIGHT(K56,3)="Lab",RIGHT(K56,3)="Tut")),0.5,IF(AND(M56<>0,M56<>"m",M56<>"",RIGHT(K56,2)="TL"),0.75,0))) -> 0 | CU56: =D56 -> PCS
C57: 6 | D57: PCS | O57: =IF(AND(M57<>0,M57<>"m",M57<>"",RIGHT(K57,3)="Lec"),1,IF(AND(M57<>0,M57<>"m",M57<>"",OR(RIGHT(K57,3)="Lab",RIGHT(K57,3)="Tut")),0.5,IF(AND(M57<>0,M57<>"m",M57<>"",RIGHT(K57,2)="TL"),0.75,0))) -> 0 | CU57: =D57 -> PCS
C58: 7 | D58: PCS | O58: =IF(AND(M58>=20,M58<>"m",RIGHT(K58,3)="Lec"),1,IF(AND(M58>=20,M58<>"m",OR(RIGHT(K58,3)="Lab",RIGHT(K58,3)="Tut")),0.5,IF(AND(M58>=20,M58<>"m",RIGHT(K58,2)="TL"),0.75,0))) -> 0 | CU58: =D58 -> PCS
C59: 8 | D59: PCS | O59: =IF(AND(M59>=20,M59<>"m",RIGHT(K59,3)="Lec"),1,IF(AND(M59>=20,M59<>"m",OR(RIGHT(K59,3)="Lab",RIGHT(K59,3)="Tut")),0.5,IF(AND(M59>=20,M59<>"m",RIGHT(K59,2)="TL"),0.75,0))) -> 0 | CU59: =D59 -> PCS
C60: 9 | D60: PCS | O60: =IF(AND(M60>=20,M60<>"m",RIGHT(K60,3)="Lec"),1,IF(AND(M60>=20,M60<>"m",OR(RIGHT(K60,3)="Lab",RIGHT(K60,3)="Tut")),0.5,IF(AND(M60>=20,M60<>"m",RIGHT(K60,2)="TL"),0.75,0))) -> 0 | CU60: =D60 -> PCS
C61: 10 | D61: PCS | O61: =IF(AND(M61>=20,M61<>"m",RIGHT(K61,3)="Lec"),1,IF(AND(M61>=20,M61<>"m",OR(RIGHT(K61,3)="Lab",RIGHT(K61,3)="Tut")),0.5,IF(AND(M61>=20,M61<>"m",RIGHT(K61,2)="TL"),0.75,0))) -> 0 | CU61: =D61 -> PCS
C62: 11 | D62: PCS | O62: =IF(AND(M62<>0,M62<>"m",M62<>"",RIGHT(K62,3)="Lec"),1,IF(AND(M62<>0,M62<>"m",M62<>"",OR(RIGHT(K62,3)="Lab",RIGHT(K62,3)="Tut")),0.5,IF(AND(M62<>0,M62<>"m",M62<>"",RIGHT(K62,2)="TL"),0.75,0))) -> 0 | CU62: =D62 -> PCS
A63: 6 | B63: Ms.Khushbu Patel DOJ: 13/03/2023 MOB: 9033387936 | C63: 1 | D63: PKP | O63: =IF(AND(M63<>0,M63<>"m",M63<>"",RIGHT(K63,3)="Lec"),1,IF(AND(M63<>0,M63<>"m",M63<>"",OR(RIGHT(K63,3)="Lab",RIGHT(K63,3)="Tut")),0.5,IF(AND(M63<>0,M63<>"m",M63<>"",RIGHT(K63,2)="TL"),0.75,0))) -> 0 | P63: =COUNTIF(K63:K73,"TL")*0.75+COUNTIF(K63:K73,"Lec")*1+COUNTIF(K63:K73,"Lab")*0.5 -> 0 | Q63: =SUM((IF(LEFT(K63,1)="E",O63,0)),(IF(LEFT(K64,1)="E",O64,0)),(IF(LEFT(K65,1)="E",O65,0)),(IF(LEFT(K66,1)="E",O66,0)),(IF(LEFT(K67,1)="E",O67,0)),(IF(LEFT(K68,1)="E",O68,0)),(IF(LEFT(K69,1)="E",O69,0)),(IF(LEFT(K70,1)="E",O70,0)),(IF(LEFT(K71,1)="E",O71,0)),(IF(LEFT(K72,1)="E",O72,0)),(IF(LEFT(K73,1)="E",O73,0))) -> 0 | R63: =SUM(IF(M69<20,IF(K69="Plec",-1,IF(K69="PTL",-0.75,IF(K69="Plab",-0.5,0))),0),IF(M70<20,IF(K70="Plec",-1,IF(K70="PTL",-0.75,IF(K70="Plab",-0.5,0))),0),IF(M71<20,IF(K71="Plec",-1,IF(K71="PTL",-0.75,IF(K71="Plab",-0.5,0))),0),IF(M72<20,IF(K72="Plec",-1,IF(K72="PTL",-0.75,IF(K72="Plab",-0.5,0))),0)) -> 0 | S63: =SUM(P63:R73) -> 0 | T63: =SUM(IF(M63="M",IF(OR(K63="lec",K63="plec",K63="slec"),1,IF(OR(K63="lab",K63="plab",K63="slab",K63="tut",K63="ptut",K63="stut"),0.5,IF(OR(K63="TL",K63="pTL",K63="STL"),0.75,0))),0),IF(M64="M",IF(OR(K64="lec",K64="plec",K64="slec"),1,IF(OR(K64="lab",K64="plab",K64="slab",K64="tut",K64="ptut",K64="stut"),0.5,IF(OR(K64="TL",K64="pTL",K64="STL"),0.75,0))),0),IF(M65="M",IF(OR(K65="lec",K65="plec",K65="slec"),1,IF(OR(K65="lab",K65="plab",K65="slab",K65="tut",K65="ptut",K65="stut"),0.5,IF(OR(K65="TL",K65="pTL",K65="STL"),0.75,0))),0),IF(M66="M",IF(OR(K66="lec",K66="plec",K66="slec"),1,IF(OR(K66="lab",K66="plab",K66="slab",K66="tut",K66="ptut",K66="stut"),0.5,IF(OR(K66="TL",K66="pTL",K66="STL"),0.75,0))),0),IF(M67="M",IF(OR(K67="lec",K67="plec",K67="slec"),1,IF(OR(K67="lab",K67="plab",K67="slab",K67="tut",K67="ptut",K67="stut"),0.5,IF(OR(K67="TL",K67="pTL",K67="STL"),0.75,0))),0),IF(M68="M",IF(OR(K68="lec",K68="plec",K68="slec"),1,IF(OR(K68="lab",K68="plab",K68="slab",K68="tut",K68="ptut",K68="stut"),0.5,IF(OR(K68="TL",K68="pTL",K68="STL"),0.75,0))),0),IF(M69="M",IF(OR(K69="lec",K69="plec",K69="slec"),1,IF(OR(K69="lab",K69="plab",K69="slab",K69="tut",K69="ptut",K69="stut"),0.5,IF(OR(K69="TL",K69="pTL",K69="STL"),0.75,0))),0),IF(M70="M",IF(OR(K70="lec",K70="plec",K70="slec"),1,IF(OR(K70="lab",K70="plab",K70="slab",K70="tut",K70="ptut",K70="stut"),0.5,IF(OR(K70="TL",K70="pTL",K70="STL"),0.75,0))),0),IF(M71="M",IF(OR(K71="lec",K71="plec",K71="slec"),1,IF(OR(K71="lab",K71="plab",K71="slab",K71="tut",K71="ptut",K71="stut"),0.5,IF(OR(K71="TL",K71="pTL",K71="STL"),0.75,0))),0),IF(M72="M",IF(OR(K72="lec",K72="plec",K72="slec"),1,IF(OR(K72="lab",K72="plab",K72="slab",K72="tut",K72="ptut",K72="stut"),0.5,IF(OR(K72="TL",K72="pTL",K72="STL"),0.75,0))),0),IF(M73="M",IF(OR(K73="lec",K73="plec",K73="slec"),1,IF(OR(K73="lab",K73="plab",K73="slab",K73="tut",K73="ptut",K73="stut"),0.5,IF(OR(K73="TL",K73="pTL",K73="STL"),0.75,0))),0)) -> 0 | X63: =S63-(T63+U63+V63+W63) -> 0 | Y63: =CONCATENATE(SUM(O63:O73),"(",SUM(O63:O73)-X63,")") -> 0(0) | AA63: DS | AB63: III | AC63: D1 | AD63: 3 | AE63: Saniya | AF63: 9499817172 | AG63: 1 | AH63: 1:45 to 1:55 and 2:04 to 2:24 pm | AI63: 0.5 | AP63: =SUM(SUM(O63:O73),SUM(AI63:AI73)/2,AM63) -> 0.25 | AR63: =AP63*AQ63 -> 0 | AS63: =CT63 -> 0.2 | AT63: =AR63*0.75+AS63*0.25 -> 0.05 | BQ63: Phone call to parents for poor result in T1 of PS in sem 3 | BR63: 4 | BS63: 0 | CS63: =SUM(IF(AU63<0,ABS(AU63),0),IF(AZ63<0,ABS(AZ63),0),ABS(CI63),ABS(CK63),ABS(CM63),ABS(CO63),ABS(CQ63),ABS(CR63)) -> 0 | CT63: =SUM(AU63,AV63,AW63,AX63/400,AY63,AZ63,BG63,BH63*0.5,BI63*0.25,BJ63,BK63,BL63,BM63,BN63,BO63,BP63,BR63/20,BS63/100,BT63/60,BU63,BV63,BW63,BX63/4,SUM(BY63:CC73)/3,CE63,CG63/3,CI63,CK63,CM63,CO63,CQ63,CR63) -> 0.2 | CU63: =D63 -> PKP
C64: 2 | D64: PKP | O64: =IF(AND(M64<>0,M64<>"m",M64<>"",RIGHT(K64,3)="Lec"),1,IF(AND(M64<>0,M64<>"m",M64<>"",OR(RIGHT(K64,3)="Lab",RIGHT(K64,3)="Tut")),0.5,IF(AND(M64<>0,M64<>"m",M64<>"",RIGHT(K64,2)="TL"),0.75,0))) -> 0 | CU64: =D64 -> PKP
C65: 3 | D65: PKP | O65: =IF(AND(M65<>0,M65<>"m",M65<>"",RIGHT(K65,3)="Lec"),1,IF(AND(M65<>0,M65<>"m",M65<>"",OR(RIGHT(K65,3)="Lab",RIGHT(K65,3)="Tut")),0.5,IF(AND(M65<>0,M65<>"m",M65<>"",RIGHT(K65,2)="TL"),0.75,0))) -> 0 | CU65: =D65 -> PKP
C66: 4 | D66: PKP | O66: =IF(AND(M66<>0,M66<>"m",M66<>"",RIGHT(K66,3)="Lec"),1,IF(AND(M66<>0,M66<>"m",M66<>"",OR(RIGHT(K66,3)="Lab",RIGHT(K66,3)="Tut")),0.5,IF(AND(M66<>0,M66<>"m",M66<>"",RIGHT(K66,2)="TL"),0.75,0))) -> 0 | CU66: =D66 -> PKP
C67: 5 | D67: PKP | O67: =IF(AND(M67<>0,M67<>"m",M67<>"",RIGHT(K67,3)="Lec"),1,IF(AND(M67<>0,M67<>"m",M67<>"",OR(RIGHT(K67,3)="Lab",RIGHT(K67,3)="Tut")),0.5,IF(AND(M67<>0,M67<>"m",M67<>"",RIGHT(K67,2)="TL"),0.75,0))) -> 0 | CU67: =D67 -> PKP
C68: 6 | D68: PKP | O68: =IF(AND(M68<>0,M68<>"m",M68<>"",RIGHT(K68,3)="Lec"),1,IF(AND(M68<>0,M68<>"m",M68<>"",OR(RIGHT(K68,3)="Lab",RIGHT(K68,3)="Tut")),0.5,IF(AND(M68<>0,M68<>"m",M68<>"",RIGHT(K68,2)="TL"),0.75,0))) -> 0 | CU68: =D68 -> PKP
C69: 7 | D69: PKP | O69: =IF(AND(M69>=20,M69<>"m",RIGHT(K69,3)="Lec"),1,IF(AND(M69>=20,M69<>"m",OR(RIGHT(K69,3)="Lab",RIGHT(K69,3)="Tut")),0.5,IF(AND(M69>=20,M69<>"m",RIGHT(K69,2)="TL"),0.75,0))) -> 0 | CU69: =D69 -> PKP
C70: 8 | D70: PKP | O70: =IF(AND(M70>=20,M70<>"m",RIGHT(K70,3)="Lec"),1,IF(AND(M70>=20,M70<>"m",OR(RIGHT(K70,3)="Lab",RIGHT(K70,3)="Tut")),0.5,IF(AND(M70>=20,M70<>"m",RIGHT(K70,2)="TL"),0.75,0))) -> 0 | CU70: =D70 -> PKP
C71: 9 | D71: PKP | O71: =IF(AND(M71>=20,M71<>"m",RIGHT(K71,3)="Lec"),1,IF(AND(M71>=20,M71<>"m",OR(RIGHT(K71,3)="Lab",RIGHT(K71,3)="Tut")),0.5,IF(AND(M71>=20,M71<>"m",RIGHT(K71,2)="TL"),0.75,0))) -> 0 | CU71: =D71 -> PKP
C72: 10 | D72: PKP | O72: =IF(AND(M72>=20,M72<>"m",RIGHT(K72,3)="Lec"),1,IF(AND(M72>=20,M72<>"m",OR(RIGHT(K72,3)="Lab",RIGHT(K72,3)="Tut")),0.5,IF(AND(M72>=20,M72<>"m",RIGHT(K72,2)="TL"),0.75,0))) -> 0 | CU72: =D72 -> PKP
C73: 11 | D73: PKP | O73: =IF(AND(M73<>0,M73<>"m",M73<>"",RIGHT(K73,3)="Lec"),1,IF(AND(M73<>0,M73<>"m",M73<>"",OR(RIGHT(K73,3)="Lab",RIGHT(K73,3)="Tut")),0.5,IF(AND(M73<>0,M73<>"m",M73<>"",RIGHT(K73,2)="TL"),0.75,0))) -> 0 | CU73: =D73 -> PKP
A74: 7 | B74: Dr.Prashant Sachaniya DOJ: 25/03/2023 MOB: 9998797202 | C74: 1 | D74: SDP | O74: =IF(AND(M74<>0,M74<>"m",M74<>"",RIGHT(K74,3)="Lec"),1,IF(AND(M74<>0,M74<>"m",M74<>"",OR(RIGHT(K74,3)="Lab",RIGHT(K74,3)="Tut")),0.5,IF(AND(M74<>0,M74<>"m",M74<>"",RIGHT(K74,2)="TL"),0.75,0))) -> 0 | P74: =COUNTIF(K74:K84,"TL")*0.75+COUNTIF(K74:K84,"Lec")*1+COUNTIF(K74:K84,"Lab")*0.5 -> 0 | Q74: =SUM((IF(LEFT(K74,1)="E",O74,0)),(IF(LEFT(K75,1)="E",O75,0)),(IF(LEFT(K76,1)="E",O76,0)),(IF(LEFT(K77,1)="E",O77,0)),(IF(LEFT(K78,1)="E",O78,0)),(IF(LEFT(K79,1)="E",O79,0)),(IF(LEFT(K80,1)="E",O80,0)),(IF(LEFT(K81,1)="E",O81,0)),(IF(LEFT(K82,1)="E",O82,0)),(IF(LEFT(K83,1)="E",O83,0)),(IF(LEFT(K84,1)="E",O84,0))) -> 0 | R74: =SUM(IF(M80<20,IF(K80="Plec",-1,IF(K80="PTL",-0.75,IF(K80="Plab",-0.5,0))),0),IF(M81<20,IF(K81="Plec",-1,IF(K81="PTL",-0.75,IF(K81="Plab",-0.5,0))),0),IF(M82<20,IF(K82="Plec",-1,IF(K82="PTL",-0.75,IF(K82="Plab",-0.5,0))),0),IF(M83<20,IF(K83="Plec",-1,IF(K83="PTL",-0.75,IF(K83="Plab",-0.5,0))),0)) -> 0 | S74: =SUM(P74:R84) -> 0 | T74: =SUM(IF(M74="M",IF(OR(K74="lec",K74="plec",K74="slec"),1,IF(OR(K74="lab",K74="plab",K74="slab",K74="tut",K74="ptut",K74="stut"),0.5,IF(OR(K74="TL",K74="pTL",K74="STL"),0.75,0))),0),IF(M75="M",IF(OR(K75="lec",K75="plec",K75="slec"),1,IF(OR(K75="lab",K75="plab",K75="slab",K75="tut",K75="ptut",K75="stut"),0.5,IF(OR(K75="TL",K75="pTL",K75="STL"),0.75,0))),0),IF(M76="M",IF(OR(K76="lec",K76="plec",K76="slec"),1,IF(OR(K76="lab",K76="plab",K76="slab",K76="tut",K76="ptut",K76="stut"),0.5,IF(OR(K76="TL",K76="pTL",K76="STL"),0.75,0))),0),IF(M77="M",IF(OR(K77="lec",K77="plec",K77="slec"),1,IF(OR(K77="lab",K77="plab",K77="slab",K77="tut",K77="ptut",K77="stut"),0.5,IF(OR(K77="TL",K77="pTL",K77="STL"),0.75,0))),0),IF(M78="M",IF(OR(K78="lec",K78="plec",K78="slec"),1,IF(OR(K78="lab",K78="plab",K78="slab",K78="tut",K78="ptut",K78="stut"),0.5,IF(OR(K78="TL",K78="pTL",K78="STL"),0.75,0))),0),IF(M79="M",IF(OR(K79="lec",K79="plec",K79="slec"),1,IF(OR(K79="lab",K79="plab",K79="slab",K79="tut",K79="ptut",K79="stut"),0.5,IF(OR(K79="TL",K79="pTL",K79="STL"),0.75,0))),0),IF(M80="M",IF(OR(K80="lec",K80="plec",K80="slec"),1,IF(OR(K80="lab",K80="plab",K80="slab",K80="tut",K80="ptut",K80="stut"),0.5,IF(OR(K80="TL",K80="pTL",K80="STL"),0.75,0))),0),IF(M81="M",IF(OR(K81="lec",K81="plec",K81="slec"),1,IF(OR(K81="lab",K81="plab",K81="slab",K81="tut",K81="ptut",K81="stut"),0.5,IF(OR(K81="TL",K81="pTL",K81="STL"),0.75,0))),0),IF(M82="M",IF(OR(K82="lec",K82="plec",K82="slec"),1,IF(OR(K82="lab",K82="plab",K82="slab",K82="tut",K82="ptut",K82="stut"),0.5,IF(OR(K82="TL",K82="pTL",K82="STL"),0.75,0))),0),IF(M83="M",IF(OR(K83="lec",K83="plec",K83="slec"),1,IF(OR(K83="lab",K83="plab",K83="slab",K83="tut",K83="ptut",K83="stut"),0.5,IF(OR(K83="TL",K83="pTL",K83="STL"),0.75,0))),0),IF(M84="M",IF(OR(K84="lec",K84="plec",K84="slec"),1,IF(OR(K84="lab",K84="plab",K84="slab",K84="tut",K84="ptut",K84="stut"),0.5,IF(OR(K84="TL",K84="pTL",K84="STL"),0.75,0))),0)) -> 0 | X74: =S74-(T74+U74+V74+W74) -> 0 | Y74: =CONCATENATE(SUM(O74:O84),"(",SUM(O74:O84)-X74,")") -> 0(0) | AP74: =SUM(SUM(O74:O84),SUM(AI74:AI84)/2,AM74) -> 0 | AR74: =AP74*AQ74 -> 0 | AS74: =CT74 -> 0.3 | AT74: =AR74*0.75+AS74*0.25 -> 0.075 | BQ74: Fail in SEM-3 T-1 PS subject | BR74: 6 | BS74: 0 | CS74: =SUM(IF(AU74<0,ABS(AU74),0),IF(AZ74<0,ABS(AZ74),0),ABS(CI74),ABS(CK74),ABS(CM74),ABS(CO74),ABS(CQ74),ABS(CR74)) -> 0 | CT74: =SUM(AU74,AV74,AW74,AX74/400,AY74,AZ74,BG74,BH74*0.5,BI74*0.25,BJ74,BK74,BL74,BM74,BN74,BO74,BP74,BR74/20,BS74/100,BT74/60,BU74,BV74,BW74,BX74/4,SUM(BY74:CC84)/3,CE74,CG74/3,CI74,CK74,CM74,CO74,CQ74,CR74) -> 0.3 | CU74: =D74 -> SDP
C75: 2 | D75: SDP | O75: =IF(AND(M75<>0,M75<>"m",M75<>"",RIGHT(K75,3)="Lec"),1,IF(AND(M75<>0,M75<>"m",M75<>"",OR(RIGHT(K75,3)="Lab",RIGHT(K75,3)="Tut")),0.5,IF(AND(M75<>0,M75<>"m",M75<>"",RIGHT(K75,2)="TL"),0.75,0))) -> 0 | CU75: =D75 -> SDP
C76: 3 | D76: SDP | O76: =IF(AND(M76<>0,M76<>"m",M76<>"",RIGHT(K76,3)="Lec"),1,IF(AND(M76<>0,M76<>"m",M76<>"",OR(RIGHT(K76,3)="Lab",RIGHT(K76,3)="Tut")),0.5,IF(AND(M76<>0,M76<>"m",M76<>"",RIGHT(K76,2)="TL"),0.75,0))) -> 0 | CU76: =D76 -> SDP
C77: 4 | D77: SDP | O77: =IF(AND(M77<>0,M77<>"m",M77<>"",RIGHT(K77,3)="Lec"),1,IF(AND(M77<>0,M77<>"m",M77<>"",OR(RIGHT(K77,3)="Lab",RIGHT(K77,3)="Tut")),0.5,IF(AND(M77<>0,M77<>"m",M77<>"",RIGHT(K77,2)="TL"),0.75,0))) -> 0 | CU77: =D77 -> SDP
C78: 5 | D78: SDP | O78: =IF(AND(M78<>0,M78<>"m",M78<>"",RIGHT(K78,3)="Lec"),1,IF(AND(M78<>0,M78<>"m",M78<>"",OR(RIGHT(K78,3)="Lab",RIGHT(K78,3)="Tut")),0.5,IF(AND(M78<>0,M78<>"m",M78<>"",RIGHT(K78,2)="TL"),0.75,0))) -> 0 | CU78: =D78 -> SDP
C79: 6 | D79: SDP | O79: =IF(AND(M79<>0,M79<>"m",M79<>"",RIGHT(K79,3)="Lec"),1,IF(AND(M79<>0,M79<>"m",M79<>"",OR(RIGHT(K79,3)="Lab",RIGHT(K79,3)="Tut")),0.5,IF(AND(M79<>0,M79<>"m",M79<>"",RIGHT(K79,2)="TL"),0.75,0))) -> 0 | CU79: =D79 -> SDP
C80: 7 | D80: SDP | O80: =IF(AND(M80>=20,M80<>"m",RIGHT(K80,3)="Lec"),1,IF(AND(M80>=20,M80<>"m",OR(RIGHT(K80,3)="Lab",RIGHT(K80,3)="Tut")),0.5,IF(AND(M80>=20,M80<>"m",RIGHT(K80,2)="TL"),0.75,0))) -> 0 | CU80: =D80 -> SDP
C81: 8 | D81: SDP | O81: =IF(AND(M81>=20,M81<>"m",RIGHT(K81,3)="Lec"),1,IF(AND(M81>=20,M81<>"m",OR(RIGHT(K81,3)="Lab",RIGHT(K81,3)="Tut")),0.5,IF(AND(M81>=20,M81<>"m",RIGHT(K81,2)="TL"),0.75,0))) -> 0 | CU81: =D81 -> SDP
C82: 9 | D82: SDP | O82: =IF(AND(M82>=20,M82<>"m",RIGHT(K82,3)="Lec"),1,IF(AND(M82>=20,M82<>"m",OR(RIGHT(K82,3)="Lab",RIGHT(K82,3)="Tut")),0.5,IF(AND(M82>=20,M82<>"m",RIGHT(K82,2)="TL"),0.75,0))) -> 0 | CU82: =D82 -> SDP
C83: 10 | D83: SDP | O83: =IF(AND(M83>=20,M83<>"m",RIGHT(K83,3)="Lec"),1,IF(AND(M83>=20,M83<>"m",OR(RIGHT(K83,3)="Lab",RIGHT(K83,3)="Tut")),0.5,IF(AND(M83>=20,M83<>"m",RIGHT(K83,2)="TL"),0.75,0))) -> 0 | CU83: =D83 -> SDP
C84: 11 | D84: SDP | O84: =IF(AND(M84<>0,M84<>"m",M84<>"",RIGHT(K84,3)="Lec"),1,IF(AND(M84<>0,M84<>"m",M84<>"",OR(RIGHT(K84,3)="Lab",RIGHT(K84,3)="Tut")),0.5,IF(AND(M84<>0,M84<>"m",M84<>"",RIGHT(K84,2)="TL"),0.75,0))) -> 0 | CU84: =D84 -> SDP
A85: 8 | B85: Ms.Swati Patel DOJ: 04/07/2022 MOB: 9998168709 | C85: 1 | D85: SHP | O85: =IF(AND(M85<>0,M85<>"m",M85<>"",RIGHT(K85,3)="Lec"),1,IF(AND(M85<>0,M85<>"m",M85<>"",OR(RIGHT(K85,3)="Lab",RIGHT(K85,3)="Tut")),0.5,IF(AND(M85<>0,M85<>"m",M85<>"",RIGHT(K85,2)="TL"),0.75,0))) -> 0 | P85: =COUNTIF(K85:K95,"TL")*0.75+COUNTIF(K85:K95,"Lec")*1+COUNTIF(K85:K95,"Lab")*0.5 -> 0 | Q85: =SUM((IF(LEFT(K85,1)="E",O85,0)),(IF(LEFT(K86,1)="E",O86,0)),(IF(LEFT(K87,1)="E",O87,0)),(IF(LEFT(K88,1)="E",O88,0)),(IF(LEFT(K89,1)="E",O89,0)),(IF(LEFT(K90,1)="E",O90,0)),(IF(LEFT(K91,1)="E",O91,0)),(IF(LEFT(K92,1)="E",O92,0)),(IF(LEFT(K93,1)="E",O93,0)),(IF(LEFT(K94,1)="E",O94,0)),(IF(LEFT(K95,1)="E",O95,0))) -> 0 | R85: =SUM(IF(M91<20,IF(K91="Plec",-1,IF(K91="PTL",-0.75,IF(K91="Plab",-0.5,0))),0),IF(M92<20,IF(K92="Plec",-1,IF(K92="PTL",-0.75,IF(K92="Plab",-0.5,0))),0),IF(M93<20,IF(K93="Plec",-1,IF(K93="PTL",-0.75,IF(K93="Plab",-0.5,0))),0),IF(M94<20,IF(K94="Plec",-1,IF(K94="PTL",-0.75,IF(K94="Plab",-0.5,0))),0)) -> 0 | S85: =SUM(P85:R95) -> 0 | T85: =SUM(IF(M85="M",IF(OR(K85="lec",K85="plec",K85="slec"),1,IF(OR(K85="lab",K85="plab",K85="slab",K85="tut",K85="ptut",K85="stut"),0.5,IF(OR(K85="TL",K85="pTL",K85="STL"),0.75,0))),0),IF(M86="M",IF(OR(K86="lec",K86="plec",K86="slec"),1,IF(OR(K86="lab",K86="plab",K86="slab",K86="tut",K86="ptut",K86="stut"),0.5,IF(OR(K86="TL",K86="pTL",K86="STL"),0.75,0))),0),IF(M87="M",IF(OR(K87="lec",K87="plec",K87="slec"),1,IF(OR(K87="lab",K87="plab",K87="slab",K87="tut",K87="ptut",K87="stut"),0.5,IF(OR(K87="TL",K87="pTL",K87="STL"),0.75,0))),0),IF(M88="M",IF(OR(K88="lec",K88="plec",K88="slec"),1,IF(OR(K88="lab",K88="plab",K88="slab",K88="tut",K88="ptut",K88="stut"),0.5,IF(OR(K88="TL",K88="pTL",K88="STL"),0.75,0))),0),IF(M89="M",IF(OR(K89="lec",K89="plec",K89="slec"),1,IF(OR(K89="lab",K89="plab",K89="slab",K89="tut",K89="ptut",K89="stut"),0.5,IF(OR(K89="TL",K89="pTL",K89="STL"),0.75,0))),0),IF(M90="M",IF(OR(K90="lec",K90="plec",K90="slec"),1,IF(OR(K90="lab",K90="plab",K90="slab",K90="tut",K90="ptut",K90="stut"),0.5,IF(OR(K90="TL",K90="pTL",K90="STL"),0.75,0))),0),IF(M91="M",IF(OR(K91="lec",K91="plec",K91="slec"),1,IF(OR(K91="lab",K91="plab",K91="slab",K91="tut",K91="ptut",K91="stut"),0.5,IF(OR(K91="TL",K91="pTL",K91="STL"),0.75,0))),0),IF(M92="M",IF(OR(K92="lec",K92="plec",K92="slec"),1,IF(OR(K92="lab",K92="plab",K92="slab",K92="tut",K92="ptut",K92="stut"),0.5,IF(OR(K92="TL",K92="pTL",K92="STL"),0.75,0))),0),IF(M93="M",IF(OR(K93="lec",K93="plec",K93="slec"),1,IF(OR(K93="lab",K93="plab",K93="slab",K93="tut",K93="ptut",K93="stut"),0.5,IF(OR(K93="TL",K93="pTL",K93="STL"),0.75,0))),0),IF(M94="M",IF(OR(K94="lec",K94="plec",K94="slec"),1,IF(OR(K94="lab",K94="plab",K94="slab",K94="tut",K94="ptut",K94="stut"),0.5,IF(OR(K94="TL",K94="pTL",K94="STL"),0.75,0))),0),IF(M95="M",IF(OR(K95="lec",K95="plec",K95="slec"),1,IF(OR(K95="lab",K95="plab",K95="slab",K95="tut",K95="ptut",K95="stut"),0.5,IF(OR(K95="TL",K95="pTL",K95="STL"),0.75,0))),0)) -> 0 | X85: =S85-(T85+U85+V85+W85) -> 0 | Y85: =CONCATENATE(SUM(O85:O95),"(",SUM(O85:O95)-X85,")") -> 0(0) | AP85: =SUM(SUM(O85:O95),SUM(AI85:AI95)/2,AM85) -> 0 | AR85: =AP85*AQ85 -> 0 | AS85: =CT85 -> 0.58888889 | AT85: =AR85*0.75+AS85*0.25 -> 0.14722222 | BQ85: Fail in T-1 PS subject of sem-3 | BR85: 4 | BS85: 0 | CF85: SUPERVISION DONE IN INTERNSHIP DRIVE(MAGNUS MIND)ON 22-OCT2024, 11:35 TO 12:45 | CG85: =70/60 -> 1.1666667 | CS85: =SUM(IF(AU85<0,ABS(AU85),0),IF(AZ85<0,ABS(AZ85),0),ABS(CI85),ABS(CK85),ABS(CM85),ABS(CO85),ABS(CQ85),ABS(CR85)) -> 0 | CT85: =SUM(AU85,AV85,AW85,AX85/400,AY85,AZ85,BG85,BH85*0.5,BI85*0.25,BJ85,BK85,BL85,BM85,BN85,BO85,BP85,BR85/20,BS85/100,BT85/60,BU85,BV85,BW85,BX85/4,SUM(BY85:CC95)/3,CE85,CG85/3,CI85,CK85,CM85,CO85,CQ85,CR85) -> 0.58888889 | CU85: =D85 -> SHP
C86: 2 | D86: SHP | O86: =IF(AND(M86<>0,M86<>"m",M86<>"",RIGHT(K86,3)="Lec"),1,IF(AND(M86<>0,M86<>"m",M86<>"",OR(RIGHT(K86,3)="Lab",RIGHT(K86,3)="Tut")),0.5,IF(AND(M86<>0,M86<>"m",M86<>"",RIGHT(K86,2)="TL"),0.75,0))) -> 0 | CU86: =D86 -> SHP
C87: 3 | D87: SHP | O87: =IF(AND(M87<>0,M87<>"m",M87<>"",RIGHT(K87,3)="Lec"),1,IF(AND(M87<>0,M87<>"m",M87<>"",OR(RIGHT(K87,3)="Lab",RIGHT(K87,3)="Tut")),0.5,IF(AND(M87<>0,M87<>"m",M87<>"",RIGHT(K87,2)="TL"),0.75,0))) -> 0 | CU87: =D87 -> SHP
C88: 4 | D88: SHP | O88: =IF(AND(M88<>0,M88<>"m",M88<>"",RIGHT(K88,3)="Lec"),1,IF(AND(M88<>0,M88<>"m",M88<>"",OR(RIGHT(K88,3)="Lab",RIGHT(K88,3)="Tut")),0.5,IF(AND(M88<>0,M88<>"m",M88<>"",RIGHT(K88,2)="TL"),0.75,0))) -> 0 | CU88: =D88 -> SHP
C89: 5 | D89: SHP | O89: =IF(AND(M89<>0,M89<>"m",M89<>"",RIGHT(K89,3)="Lec"),1,IF(AND(M89<>0,M89<>"m",M89<>"",OR(RIGHT(K89,3)="Lab",RIGHT(K89,3)="Tut")),0.5,IF(AND(M89<>0,M89<>"m",M89<>"",RIGHT(K89,2)="TL"),0.75,0))) -> 0 | CU89: =D89 -> SHP
C90: 6 | D90: SHP | O90: =IF(AND(M90<>0,M90<>"m",M90<>"",RIGHT(K90,3)="Lec"),1,IF(AND(M90<>0,M90<>"m",M90<>"",OR(RIGHT(K90,3)="Lab",RIGHT(K90,3)="Tut")),0.5,IF(AND(M90<>0,M90<>"m",M90<>"",RIGHT(K90,2)="TL"),0.75,0))) -> 0 | CU90: =D90 -> SHP
C91: 7 | D91: SHP | O91: =IF(AND(M91>=20,M91<>"m",RIGHT(K91,3)="Lec"),1,IF(AND(M91>=20,M91<>"m",OR(RIGHT(K91,3)="Lab",RIGHT(K91,3)="Tut")),0.5,IF(AND(M91>=20,M91<>"m",RIGHT(K91,2)="TL"),0.75,0))) -> 0 | CU91: =D91 -> SHP
C92: 8 | D92: SHP | O92: =IF(AND(M92>=20,M92<>"m",RIGHT(K92,3)="Lec"),1,IF(AND(M92>=20,M92<>"m",OR(RIGHT(K92,3)="Lab",RIGHT(K92,3)="Tut")),0.5,IF(AND(M92>=20,M92<>"m",RIGHT(K92,2)="TL"),0.75,0))) -> 0 | CU92: =D92 -> SHP
C93: 9 | D93: SHP | O93: =IF(AND(M93>=20,M93<>"m",RIGHT(K93,3)="Lec"),1,IF(AND(M93>=20,M93<>"m",OR(RIGHT(K93,3)="Lab",RIGHT(K93,3)="Tut")),0.5,IF(AND(M93>=20,M93<>"m",RIGHT(K93,2)="TL"),0.75,0))) -> 0 | CU93: =D93 -> SHP
C94: 10 | D94: SHP | O94: =IF(AND(M94>=20,M94<>"m",RIGHT(K94,3)="Lec"),1,IF(AND(M94>=20,M94<>"m",OR(RIGHT(K94,3)="Lab",RIGHT(K94,3)="Tut")),0.5,IF(AND(M94>=20,M94<>"m",RIGHT(K94,2)="TL"),0.75,0))) -> 0 | CU94: =D94 -> SHP
C95: 11 | D95: SHP | O95: =IF(AND(M95<>0,M95<>"m",M95<>"",RIGHT(K95,3)="Lec"),1,IF(AND(M95<>0,M95<>"m",M95<>"",OR(RIGHT(K95,3)="Lab",RIGHT(K95,3)="Tut")),0.5,IF(AND(M95<>0,M95<>"m",M95<>"",RIGHT(K95,2)="TL"),0.75,0))) -> 0 | CU95: =D95 -> SHP
A96: 9 | B96: Ms. .Zalak Prajapti DOJ: 15/07/2022 MOB: 9408931415 | C96: 1 | D96: ZMP | O96: =IF(AND(M96<>0,M96<>"m",M96<>"",RIGHT(K96,3)="Lec"),1,IF(AND(M96<>0,M96<>"m",M96<>"",OR(RIGHT(K96,3)="Lab",RIGHT(K96,3)="Tut")),0.5,IF(AND(M96<>0,M96<>"m",M96<>"",RIGHT(K96,2)="TL"),0.75,0))) -> 0 | P96: =COUNTIF(K96:K106,"TL")*0.75+COUNTIF(K96:K106,"Lec")*1+COUNTIF(K96:K106,"Lab")*0.5 -> 0 | Q96: =SUM((IF(LEFT(K96,1)="E",O96,0)),(IF(LEFT(K97,1)="E",O97,0)),(IF(LEFT(K98,1)="E",O98,0)),(IF(LEFT(K99,1)="E",O99,0)),(IF(LEFT(K100,1)="E",O100,0)),(IF(LEFT(K101,1)="E",O101,0)),(IF(LEFT(K102,1)="E",O102,0)),(IF(LEFT(K103,1)="E",O103,0)),(IF(LEFT(K104,1)="E",O104,0)),(IF(LEFT(K105,1)="E",O105,0)),(IF(LEFT(K106,1)="E",O106,0))) -> 0 | R96: =SUM(IF(M102<20,IF(K102="Plec",-1,IF(K102="PTL",-0.75,IF(K102="Plab",-0.5,0))),0),IF(M103<20,IF(K103="Plec",-1,IF(K103="PTL",-0.75,IF(K103="Plab",-0.5,0))),0),IF(M104<20,IF(K104="Plec",-1,IF(K104="PTL",-0.75,IF(K104="Plab",-0.5,0))),0),IF(M105<20,IF(K105="Plec",-1,IF(K105="PTL",-0.75,IF(K105="Plab",-0.5,0))),0)) -> 0 | S96: =SUM(P96:R106) -> 0 | T96: =SUM(IF(M96="M",IF(OR(K96="lec",K96="plec",K96="slec"),1,IF(OR(K96="lab",K96="plab",K96="slab",K96="tut",K96="ptut",K96="stut"),0.5,IF(OR(K96="TL",K96="pTL",K96="STL"),0.75,0))),0),IF(M97="M",IF(OR(K97="lec",K97="plec",K97="slec"),1,IF(OR(K97="lab",K97="plab",K97="slab",K97="tut",K97="ptut",K97="stut"),0.5,IF(OR(K97="TL",K97="pTL",K97="STL"),0.75,0))),0),IF(M98="M",IF(OR(K98="lec",K98="plec",K98="slec"),1,IF(OR(K98="lab",K98="plab",K98="slab",K98="tut",K98="ptut",K98="stut"),0.5,IF(OR(K98="TL",K98="pTL",K98="STL"),0.75,0))),0),IF(M99="M",IF(OR(K99="lec",K99="plec",K99="slec"),1,IF(OR(K99="lab",K99="plab",K99="slab",K99="tut",K99="ptut",K99="stut"),0.5,IF(OR(K99="TL",K99="pTL",K99="STL"),0.75,0))),0),IF(M100="M",IF(OR(K100="lec",K100="plec",K100="slec"),1,IF(OR(K100="lab",K100="plab",K100="slab",K100="tut",K100="ptut",K100="stut"),0.5,IF(OR(K100="TL",K100="pTL",K100="STL"),0.75,0))),0),IF(M101="M",IF(OR(K101="lec",K101="plec",K101="slec"),1,IF(OR(K101="lab",K101="plab",K101="slab",K101="tut",K101="ptut",K101="stut"),0.5,IF(OR(K101="TL",K101="pTL",K101="STL"),0.75,0))),0),IF(M102="M",IF(OR(K102="lec",K102="plec",K102="slec"),1,IF(OR(K102="lab",K102="plab",K102="slab",K102="tut",K102="ptut",K102="stut"),0.5,IF(OR(K102="TL",K102="pTL",K102="STL"),0.75,0))),0),IF(M103="M",IF(OR(K103="lec",K103="plec",K103="slec"),1,IF(OR(K103="lab",K103="plab",K103="slab",K103="tut",K103="ptut",K103="stut"),0.5,IF(OR(K103="TL",K103="pTL",K103="STL"),0.75,0))),0),IF(M104="M",IF(OR(K104="lec",K104="plec",K104="slec"),1,IF(OR(K104="lab",K104="plab",K104="slab",K104="tut",K104="ptut",K104="stut"),0.5,IF(OR(K104="TL",K104="pTL",K104="STL"),0.75,0))),0),IF(M105="M",IF(OR(K105="lec",K105="plec",K105="slec"),1,IF(OR(K105="lab",K105="plab",K105="slab",K105="tut",K105="ptut",K105="stut"),0.5,IF(OR(K105="TL",K105="pTL",K105="STL"),0.75,0))),0),IF(M106="M",IF(OR(K106="lec",K106="plec",K106="slec"),1,IF(OR(K106="lab",K106="plab",K106="slab",K106="tut",K106="ptut",K106="stut"),0.5,IF(OR(K106="TL",K106="pTL",K106="STL"),0.75,0))),0)) -> 0 | X96: =S96-(T96+U96+V96+W96) -> 0 | Y96: =CONCATENATE(SUM(O96:O106),"(",SUM(O96:O106)-X96,")") -> 0(0) | AP96: =SUM(SUM(O96:O106),SUM(AI96:AI106)/2,AM96) -> 0 | AR96: =AP96*AQ96 -> 0 | AS96: =CT96 -> 0.25 | AT96: =AR96*0.75+AS96*0.25 -> 0.0625 | BQ96: DM_T1 FAIL STUDENT CALLING | BR96: 5 | BS96: 0 | CS96: =SUM(IF(AU96<0,ABS(AU96),0),IF(AZ96<0,ABS(AZ96),0),ABS(CI96),ABS(CK96),ABS(CM96),ABS(CO96),ABS(CQ96),ABS(CR96)) -> 0 | CT96: =SUM(AU96,AV96,AW96,AX96/400,AY96,AZ96,BG96,BH96*0.5,BI96*0.25,BJ96,BK96,BL96,BM96,BN96,BO96,BP96,BR96/20,BS96/100,BT96/60,BU96,BV96,BW96,BX96/4,SUM(BY96:CC106)/3,CE96,CG96/3,CI96,CK96,CM96,CO96,CQ96,CR96) -> 0.25 | CU96: =D96 -> ZMP
C97: 2 | D97: ZMP | O97: =IF(AND(M97<>0,M97<>"m",M97<>"",RIGHT(K97,3)="Lec"),1,IF(AND(M97<>0,M97<>"m",M97<>"",OR(RIGHT(K97,3)="Lab",RIGHT(K97,3)="Tut")),0.5,IF(AND(M97<>0,M97<>"m",M97<>"",RIGHT(K97,2)="TL"),0.75,0))) -> 0 | CU97: =D97 -> ZMP
C98: 3 | D98: ZMP | O98: =IF(AND(M98<>0,M98<>"m",M98<>"",RIGHT(K98,3)="Lec"),1,IF(AND(M98<>0,M98<>"m",M98<>"",OR(RIGHT(K98,3)="Lab",RIGHT(K98,3)="Tut")),0.5,IF(AND(M98<>0,M98<>"m",M98<>"",RIGHT(K98,2)="TL"),0.75,0))) -> 0 | CU98: =D98 -> ZMP
C99: 4 | D99: ZMP | O99: =IF(AND(M99<>0,M99<>"m",M99<>"",RIGHT(K99,3)="Lec"),1,IF(AND(M99<>0,M99<>"m",M99<>"",OR(RIGHT(K99,3)="Lab",RIGHT(K99,3)="Tut")),0.5,IF(AND(M99<>0,M99<>"m",M99<>"",RIGHT(K99,2)="TL"),0.75,0))) -> 0 | CU99: =D99 -> ZMP
C100: 5 | D100: ZMP | O100: =IF(AND(M100<>0,M100<>"m",M100<>"",RIGHT(K100,3)="Lec"),1,IF(AND(M100<>0,M100<>"m",M100<>"",OR(RIGHT(K100,3)="Lab",RIGHT(K100,3)="Tut")),0.5,IF(AND(M100<>0,M100<>"m",M100<>"",RIGHT(K100,2)="TL"),0.75,0))) -> 0 | CU100: =D100 -> ZMP
C101: 6 | D101: ZMP | O101: =IF(AND(M101<>0,M101<>"m",M101<>"",RIGHT(K101,3)="Lec"),1,IF(AND(M101<>0,M101<>"m",M101<>"",OR(RIGHT(K101,3)="Lab",RIGHT(K101,3)="Tut")),0.5,IF(AND(M101<>0,M101<>"m",M101<>"",RIGHT(K101,2)="TL"),0.75,0))) -> 0 | CU101: =D101 -> ZMP
...

Sheet 23 Oct Wed
A1: =CONCATENATE("DAILY REPORT DATE : ",MID(CELL("filename",A1),FIND("]",CELL("filename",A1),1)+1,255)) -> #VALUE! | AU1: =A1 -> #VALUE!
A3: COLLEGE NAME : L.J. INSTITUTE OF ENGINEERING AND TECHNOLOGY DEPARTMENT NAME : SY4(CST CS&IT) YEAR : 2024-25 SEMESTER : III | AU3: =A3 -> COLLEGE NAME : L.J. INSTITUTE OF ENGINEERING AND TECHNOLOGY DEPARTMENT NAME : SY4(CST CS&IT) YEAR : 2024-25 SEMESTER : III
A4: TEACHING SECTION | AU4: NON TEACHING SECTION | CH4: HOD SECTION
A5: LECTURE DETAILS | AA5: Difficulty solving or if attendance is less than 5 /Whatsapp Doubt Solving in official group / Students details whose Home Visit was done / PTM (Roll No,Name, Contact No.) (H) | AJ5: Project / Dissertation/Design Engineering Load (Enter only if Answer is given by Guide of the technical query) | AP5: Total Teaching Credits (A) | AQ5: Teaching Feedback (B) | AR5: Effective Teaching Credit C= A * B | AS5: NT Total Credits (D) Refer from NT Section | AT5: Final Teaching + Non Teaching Credit E =C*0.75+D*0.25 | AU5: Once in a Semester | AY5: Load Adjustment Done | AZ5: AttendanceSubmission.If Not submitted | BA5: Examination | BP5: PARENTS INTERACTION | BV5: SIF Credit | BX5: Extra Activity
A6: Sr No | B6: Name-DOJ-Mobile No. | C6: Lec. No | D6: Faculty Initials | E6: Lecture Details | M6: No. of Students Present | N6: Total Students | O6: Effective Load | P6: Today's Eff.Load Alloted as per TT | Q6: Extra Load | R6: Merged Load (If student in proxy batch < 20, mention (-1) for 2 hrs Lab or (-1.5) for 2 hrs TL | S6: Overall Today's Effective Load | T6: Today's Eff. Mass bunk | U6: Today's Eff.load cancel bcz of Holiday | V6: Today's Eff load cancel bcz of Specific reason | W6: Today's Eff load cancel bcz no adjustment was possible | X6: Today's Total Eff Load Expected from Faculty | Y6: Today's Eff.Load Taken | Z6: Comment for dummy column name C,D,E (Holiday, or load cacnelled details) | AU6: Submission of Subject Folder (LP, QB,MSE Syllabus, Ques Paper etc) Enter Credit=0 if done on time, Else (-1) daily until submitted | AV6: Timetable Preparation Credit as per GI | AW6: No.of Project/Dissertation Groups handled (To be entered at the end of semester) | AX6: No.of Marks Entry in GTU Portal | BA6: Supervision during College Exam | BJ6: Paper Setting | BK6: Paper Solution | BL6: Paper Evaluation | BO6: Paper Showing | BP6: Home Visit Credit & Enter details in (H-Teaching Section) (Credit =1 - Meeting with Mother Credit = 1.5 - Meeting with Father) | BQ6: No. of Phone Calls and entered in SIF | BT6: No. of SMS done | BU6: Personal Discussion with parents in Institute (0.25 credit per student) | BV6: Enter Credit for Personal Information in Page 1 and Page 2 | BW6: Enter credit for any entry work done in SIF | BX6: Extra Activity in hours as per General Instructions. | CF6: Not Defined as per General Instruction (Enter in terms of Hrs) | CH6: Leave Status | CJ6: Error in Work done | CL6: Delay in Work Done | CN6: Any other HOD Comment | CP6: Description of Work refused by faculty or done after doing arguments with HOD | CQ6: Enter credit if Faculty Refusd to do work given by HOD. Credit = (-5) | CR6: Enter credit if Faculty does work after doing arguments with HOD. Credit = (-2) | CS6: HOD Positive Credit and Faculty Negative Credit | CT6: Total NT Credits
E7: Course (UG/PG) | F7: Dept | G7: SEM (Only Roman Number) | H7: Div | I7: Batch | J7: Sub. | K7: Lec/ Lab/Tut/ELec/ELab/ETut/PLec/Plab/PTut/SLec/SLab/Stut/TL/ETL/STL/PTL | L7: Faculty Initials for Proxy Lecture Only a) Faculty who was given the proxy b) Faculty whose proxy was taken | O7: G | P7: A1 | Q7: A2 | R7: A3 | S7: A=A1+A2+A3 | T7: B | U7: C | V7: D | W7: E | X7: F= A-B-C-D-E | Y7: G(G-F) | AA7: Enter Purpose Short Form DS - Difficulty Solving HV - Home Visit WA - Whatsapp AL5 - Attendance Less than 5 PTM - Parents Teacher Meeting at Institute | AB7: Sem | AC7: Div | AD7: Roll No | AE7: Name | AF7: Mobile | AG7: No.of Students Present | AH7: Time (Only for difficulty solving) | AI7: Total No.of Hours (Only for difficulty solving) | AJ7: Group Code (Format : UG/PG_Branch_SEMNo_GroupNo Ex : UG_ME_SEM4_8) | AK7: Technical Question asked by student | AL7: Date & Time (Start time : End Time) | AM7: Duration in hours | AN7: Name of the Student who asked the question | AO7: Mobile No of the student | AY7: (Credit 0.1 for 1 effective hour of load adjustment done) | AZ7: Enter (-1) upto each day of delay else 0 if submitted on time | BA7: Today's No of Assign Supervision | BB7: Session (Morning / Afternoon) | BC7: Block No | BD7: Room No | BE7: Assigned /Proxy / Swap | BF7: Faculty Short Name whose Proxy is taken / with whom Swapping is done | BG7: Today's taken Supervision (MSE) | BH7: Today's taken Supervision (REM) | BI7: Today's No of blocks handle by MSE exam coordinator | BJ7: Credit (MSE I,II =0.5*no of papers, REM =0.25*no of papers) | BK7: Credit 1 for preparing 50% solution with detailing) Enter credit | BL7: Enter Credit of MSE Paper Evaluated Section A and B both (1 credit =15 papers) | BM7: Enter Credit of MSE Paper Evaluated-Any one Section A or B (1 credit =30 papers) | BN7: Enter Credit of Rem Paper Evaluated (1 credit =30 papers) | BO7: No. of Class | BQ7: Phone Call Description | BR7: Received Phone Call | BS7: Not Received Phone Call | BX7: Sports | BY7: Cultural | BZ7: GTU Related Work Only for GTU Coordinators | CA7: COE | CB7: Techventure | CC7: Any Technical Events | CD7: Any Other Activity Description | CE7: Total Credit | CF7: Activity Description | CG7: Total hr | CH7: Leave Taken | CI7: Leave Credit (Enter Negative Value) | CJ7: Description of Error done | CK7: Error Credit (Enter only Negative Value of Credit) | CL7: Description of Delay done | CM7: No. of Days of late submission (Enter only Negative Value of Credit) | CN7: Description | CO7: Credit ( Enter Negative value if comment for negative credit)
A8: 1 | B8: Ms. Sneha Shah DOJ: 9/7/2012 MOB: 9067822170 | C8: 1 | D8: STS | O8: =IF(AND(M8<>0,M8<>"m",M8<>"",RIGHT(K8,3)="Lec"),1,IF(AND(M8<>0,M8<>"m",M8<>"",OR(RIGHT(K8,3)="Lab",RIGHT(K8,3)="Tut")),0.5,IF(AND(M8<>0,M8<>"m",M8<>"",RIGHT(K8,2)="TL"),0.75,0))) -> 0 | P8: =COUNTIF(K8:K18,"TL")*0.75+COUNTIF(K8:K18,"Lec")*1+COUNTIF(K8:K18,"Lab")*0.5 -> 0 | Q8: =SUM((IF(LEFT(K8,1)="E",O8,0)),(IF(LEFT(K9,1)="E",O9,0)),(IF(LEFT(K10,1)="E",O10,0)),(IF(LEFT(K11,1)="E",O11,0)),(IF(LEFT(K12,1)="E",O12,0)),(IF(LEFT(K13,1)="E",O13,0)),(IF(LEFT(K14,1)="E",O14,0)),(IF(LEFT(K15,1)="E",O15,0)),(IF(LEFT(K16,1)="E",O16,0)),(IF(LEFT(K17,1)="E",O17,0)),(IF(LEFT(K18,1)="E",O18,0))) -> 0 | R8: =SUM(IF(M14<20,IF(K14="Plec",-1,IF(K14="PTL",-0.75,IF(K14="Plab",-0.5,0))),0),IF(M15<20,IF(K15="Plec",-1,IF(K15="PTL",-0.75,IF(K15="Plab",-0.5,0))),0),IF(M16<20,IF(K16="Plec",-1,IF(K16="PTL",-0.75,IF(K16="Plab",-0.5,0))),0),IF(M17<20,IF(K17="Plec",-1,IF(K17="PTL",-0.75,IF(K17="Plab",-0.5,0))),0)) -> 0 | S8: =SUM(P8:R18) -> 0 | T8: =SUM(IF(M8="M",IF(OR(K8="lec",K8="plec",K8="slec"),1,IF(OR(K8="lab",K8="plab",K8="slab",K8="tut",K8="ptut",K8="stut"),0.5,IF(OR(K8="TL",K8="pTL",K8="STL"),0.75,0))),0),IF(M9="M",IF(OR(K9="lec",K9="plec",K9="slec"),1,IF(OR(K9="lab",K9="plab",K9="slab",K9="tut",K9="ptut",K9="stut"),0.5,IF(OR(K9="TL",K9="pTL",K9="STL"),0.75,0))),0),IF(M10="M",IF(OR(K10="lec",K10="plec",K10="slec"),1,IF(OR(K10="lab",K10="plab",K10="slab",K10="tut",K10="ptut",K10="stut"),0.5,IF(OR(K10="TL",K10="pTL",K10="STL"),0.75,0))),0),IF(M11="M",IF(OR(K11="lec",K11="plec",K11="slec"),1,IF(OR(K11="lab",K11="plab",K11="slab",K11="tut",K11="ptut",K11="stut"),0.5,IF(OR(K11="TL",K11="pTL",K11="STL"),0.75,0))),0),IF(M12="M",IF(OR(K12="lec",K12="plec",K12="slec"),1,IF(OR(K12="lab",K12="plab",K12="slab",K12="tut",K12="ptut",K12="stut"),0.5,IF(OR(K12="TL",K12="pTL",K12="STL"),0.75,0))),0),IF(M13="M",IF(OR(K13="lec",K13="plec",K13="slec"),1,IF(OR(K13="lab",K13="plab",K13="slab",K13="tut",K13="ptut",K13="stut"),0.5,IF(OR(K13="TL",K13="pTL",K13="STL"),0.75,0))),0),IF(M14="M",IF(OR(K14="lec",K14="plec",K14="slec"),1,IF(OR(K14="lab",K14="plab",K14="slab",K14="tut",K14="ptut",K14="stut"),0.5,IF(OR(K14="TL",K14="pTL",K14="STL"),0.75,0))),0),IF(M15="M",IF(OR(K15="lec",K15="plec",K15="slec"),1,IF(OR(K15="lab",K15="plab",K15="slab",K15="tut",K15="ptut",K15="stut"),0.5,IF(OR(K15="TL",K15="pTL",K15="STL"),0.75,0))),0),IF(M16="M",IF(OR(K16="lec",K16="plec",K16="slec"),1,IF(OR(K16="lab",K16="plab",K16="slab",K16="tut",K16="ptut",K16="stut"),0.5,IF(OR(K16="TL",K16="pTL",K16="STL"),0.75,0))),0),IF(M17="M",IF(OR(K17="lec",K17="plec",K17="slec"),1,IF(OR(K17="lab",K17="plab",K17="slab",K17="tut",K17="ptut",K17="stut"),0.5,IF(OR(K17="TL",K17="pTL",K17="STL"),0.75,0))),0),IF(M18="M",IF(OR(K18="lec",K18="plec",K18="slec"),1,IF(OR(K18="lab",K18="plab",K18="slab",K18="tut",K18="ptut",K18="stut"),0.5,IF(OR(K18="TL",K18="pTL",K18="STL"),0.75,0))),0)) -> 0 | X8: =S8-(T8+U8+V8+W8) -> 0 | Y8: =CONCATENATE(SUM(O8:O18),"(",SUM(O8:O18)-X8,")") -> 0(0) | AP8: =SUM(SUM(O8:O18),SUM(AI8:AI18)/2,AM8) -> 0 | AR8: =AP8*AQ8 -> 0 | AS8: =CT8 -> 0 | AT8: =AR8*0.75+AS8*0.25 -> 0 | CS8: =SUM(CS19:CS305) -> 0 | CT8: =SUM(AU8,AV8,AW8,AX8/400,AY8,AZ8,BG8,BH8*0.5,BI8*0.25,BJ8,BK8,BL8,BM8,BN8,BO8,BP8,BR8/20,BS8/100,BT8/60,BU8,BV8,BW8,BX8/4,SUM(BY8:CC18)/3,CE8,CG8/3,CI8,CK8,CM8,CO8,CQ8,CR8) -> 0 | CU8: =D8 -> STS
C9: 2 | D9: STS | O9: =IF(AND(M9<>0,M9<>"m",M9<>"",RIGHT(K9,3)="Lec"),1,IF(AND(M9<>0,M9<>"m",M9<>"",OR(RIGHT(K9,3)="Lab",RIGHT(K9,3)="Tut")),0.5,IF(AND(M9<>0,M9<>"m",M9<>"",RIGHT(K9,2)="TL"),0.75,0))) -> 0 | CU9: =D9 -> STS
C10: 3 | D10: STS | O10: =IF(AND(M10<>0,M10<>"m",M10<>"",RIGHT(K10,3)="Lec"),1,IF(AND(M10<>0,M10<>"m",M10<>"",OR(RIGHT(K10,3)="Lab",RIGHT(K10,3)="Tut")),0.5,IF(AND(M10<>0,M10<>"m",M10<>"",RIGHT(K10,2)="TL"),0.75,0))) -> 0 | CU10: =D10 -> STS
C11: 4 | D11: STS | O11: =IF(AND(M11<>0,M11<>"m",M11<>"",RIGHT(K11,3)="Lec"),1,IF(AND(M11<>0,M11<>"m",M11<>"",OR(RIGHT(K11,3)="Lab",RIGHT(K11,3)="Tut")),0.5,IF(AND(M11<>0,M11<>"m",M11<>"",RIGHT(K11,2)="TL"),0.75,0))) -> 0 | CU11: =D11 -> STS
C12: 5 | D12: STS | O12: =IF(AND(M12<>0,M12<>"m",M12<>"",RIGHT(K12,3)="Lec"),1,IF(AND(M12<>0,M12<>"m",M12<>"",OR(RIGHT(K12,3)="Lab",RIGHT(K12,3)="Tut")),0.5,IF(AND(M12<>0,M12<>"m",M12<>"",RIGHT(K12,2)="TL"),0.75,0))) -> 0 | CU12: =D12 -> STS
C13: 6 | D13: STS | O13: =IF(AND(M13<>0,M13<>"m",M13<>"",RIGHT(K13,3)="Lec"),1,IF(AND(M13<>0,M13<>"m",M13<>"",OR(RIGHT(K13,3)="Lab",RIGHT(K13,3)="Tut")),0.5,IF(AND(M13<>0,M13<>"m",M13<>"",RIGHT(K13,2)="TL"),0.75,0))) -> 0 | CU13: =D13 -> STS
C14: 7 | D14: STS | O14: =IF(AND(M14>=20,M14<>"m",RIGHT(K14,3)="Lec"),1,IF(AND(M14>=20,M14<>"m",OR(RIGHT(K14,3)="Lab",RIGHT(K14,3)="Tut")),0.5,IF(AND(M14>=20,M14<>"m",RIGHT(K14,2)="TL"),0.75,0))) -> 0 | CU14: =D14 -> STS
C15: 8 | D15: STS | O15: =IF(AND(M15>=20,M15<>"m",RIGHT(K15,3)="Lec"),1,IF(AND(M15>=20,M15<>"m",OR(RIGHT(K15,3)="Lab",RIGHT(K15,3)="Tut")),0.5,IF(AND(M15>=20,M15<>"m",RIGHT(K15,2)="TL"),0.75,0))) -> 0 | CU15: =D15 -> STS
C16: 9 | D16: STS | O16: =IF(AND(M16>=20,M16<>"m",RIGHT(K16,3)="Lec"),1,IF(AND(M16>=20,M16<>"m",OR(RIGHT(K16,3)="Lab",RIGHT(K16,3)="Tut")),0.5,IF(AND(M16>=20,M16<>"m",RIGHT(K16,2)="TL"),0.75,0))) -> 0 | CU16: =D16 -> STS
C17: 10 | D17: STS | O17: =IF(AND(M17>=20,M17<>"m",RIGHT(K17,3)="Lec"),1,IF(AND(M17>=20,M17<>"m",OR(RIGHT(K17,3)="Lab",RIGHT(K17,3)="Tut")),0.5,IF(AND(M17>=20,M17<>"m",RIGHT(K17,2)="TL"),0.75,0))) -> 0 | CU17: =D17 -> STS
C18: 11 | D18: STS | O18: =IF(AND(M18<>0,M18<>"m",M18<>"",RIGHT(K18,3)="Lec"),1,IF(AND(M18<>0,M18<>"m",M18<>"",OR(RIGHT(K18,3)="Lab",RIGHT(K18,3)="Tut")),0.5,IF(AND(M18<>0,M18<>"m",M18<>"",RIGHT(K18,2)="TL"),0.75,0))) -> 0 | CU18: =D18 -> STS
A19: 2 | B19: Mr.Darshan Bhatt DOJ: 20/07/2022 MOB: 7227888101 | C19: 1 | D19: DVB | O19: =IF(AND(M19<>0,M19<>"m",M19<>"",RIGHT(K19,3)="Lec"),1,IF(AND(M19<>0,M19<>"m",M19<>"",OR(RIGHT(K19,3)="Lab",RIGHT(K19,3)="Tut")),0.5,IF(AND(M19<>0,M19<>"m",M19<>"",RIGHT(K19,2)="TL"),0.75,0))) -> 0 | P19: =COUNTIF(K19:K29,"TL")*0.75+COUNTIF(K19:K29,"Lec")*1+COUNTIF(K19:K29,"Lab")*0.5 -> 0 | Q19: =SUM((IF(LEFT(K19,1)="E",O19,0)),(IF(LEFT(K20,1)="E",O20,0)),(IF(LEFT(K21,1)="E",O21,0)),(IF(LEFT(K22,1)="E",O22,0)),(IF(LEFT(K23,1)="E",O23,0)),(IF(LEFT(K24,1)="E",O24,0)),(IF(LEFT(K25,1)="E",O25,0)),(IF(LEFT(K26,1)="E",O26,0)),(IF(LEFT(K27,1)="E",O27,0)),(IF(LEFT(K28,1)="E",O28,0)),(IF(LEFT(K29,1)="E",O29,0))) -> 0 | R19: =SUM(IF(M25<20,IF(K25="Plec",-1,IF(K25="PTL",-0.75,IF(K25="Plab",-0.5,0))),0),IF(M26<20,IF(K26="Plec",-1,IF(K26="PTL",-0.75,IF(K26="Plab",-0.5,0))),0),IF(M27<20,IF(K27="Plec",-1,IF(K27="PTL",-0.75,IF(K27="Plab",-0.5,0))),0),IF(M28<20,IF(K28="Plec",-1,IF(K28="PTL",-0.75,IF(K28="Plab",-0.5,0))),0)) -> 0 | S19: =SUM(P19:R29) -> 0 | T19: =SUM(IF(M19="M",IF(OR(K19="lec",K19="plec",K19="slec"),1,IF(OR(K19="lab",K19="plab",K19="slab",K19="tut",K19="ptut",K19="stut"),0.5,IF(OR(K19="TL",K19="pTL",K19="STL"),0.75,0))),0),IF(M20="M",IF(OR(K20="lec",K20="plec",K20="slec"),1,IF(OR(K20="lab",K20="plab",K20="slab",K20="tut",K20="ptut",K20="stut"),0.5,IF(OR(K20="TL",K20="pTL",K20="STL"),0.75,0))),0),IF(M21="M",IF(OR(K21="lec",K21="plec",K21="slec"),1,IF(OR(K21="lab",K21="plab",K21="slab",K21="tut",K21="ptut",K21="stut"),0.5,IF(OR(K21="TL",K21="pTL",K21="STL"),0.75,0))),0),IF(M22="M",IF(OR(K22="lec",K22="plec",K22="slec"),1,IF(OR(K22="lab",K22="plab",K22="slab",K22="tut",K22="ptut",K22="stut"),0.5,IF(OR(K22="TL",K22="pTL",K22="STL"),0.75,0))),0),IF(M23="M",IF(OR(K23="lec",K23="plec",K23="slec"),1,IF(OR(K23="lab",K23="plab",K23="slab",K23="tut",K23="ptut",K23="stut"),0.5,IF(OR(K23="TL",K23="pTL",K23="STL"),0.75,0))),0),IF(M24="M",IF(OR(K24="lec",K24="plec",K24="slec"),1,IF(OR(K24="lab",K24="plab",K24="slab",K24="tut",K24="ptut",K24="stut"),0.5,IF(OR(K24="TL",K24="pTL",K24="STL"),0.75,0))),0),IF(M25="M",IF(OR(K25="lec",K25="plec",K25="slec"),1,IF(OR(K25="lab",K25="plab",K25="slab",K25="tut",K25="ptut",K25="stut"),0.5,IF(OR(K25="TL",K25="pTL",K25="STL"),0.75,0))),0),IF(M26="M",IF(OR(K26="lec",K26="plec",K26="slec"),1,IF(OR(K26="lab",K26="plab",K26="slab",K26="tut",K26="ptut",K26="stut"),0.5,IF(OR(K26="TL",K26="pTL",K26="STL"),0.75,0))),0),IF(M27="M",IF(OR(K27="lec",K27="plec",K27="slec"),1,IF(OR(K27="lab",K27="plab",K27="slab",K27="tut",K27="ptut",K27="stut"),0.5,IF(OR(K27="TL",K27="pTL",K27="STL"),0.75,0))),0),IF(M28="M",IF(OR(K28="lec",K28="plec",K28="slec"),1,IF(OR(K28="lab",K28="plab",K28="slab",K28="tut",K28="ptut",K28="stut"),0.5,IF(OR(K28="TL",K28="pTL",K28="STL"),0.75,0))),0),IF(M29="M",IF(OR(K29="lec",K29="plec",K29="slec"),1,IF(OR(K29="lab",K29="plab",K29="slab",K29="tut",K29="ptut",K29="stut"),0.5,IF(OR(K29="TL",K29="pTL",K29="STL"),0.75,0))),0)) -> 0 | X19: =S19-(T19+U19+V19+W19) -> 0 | Y19: =CONCATENATE(SUM(O19:O29),"(",SUM(O19:O29)-X19,")") -> 0(0) | AP19: =SUM(SUM(O19:O29),SUM(AI19:AI29)/2,AM19) -> 0 | AR19: =AP19*AQ19 -> 0 | AS19: =CT19 -> 1 | AT19: =AR19*0.75+AS19*0.25 -> 0.25 | BA19: 1 | BB19: Morning | BC19: 4 | BD19: 107-1 | BE19: Assigned | BG19: 1 | CS19: =SUM(IF(AU19<0,ABS(AU19),0),IF(AZ19<0,ABS(AZ19),0),ABS(CI19),ABS(CK19),ABS(CM19),ABS(CO19),ABS(CQ19),ABS(CR19)) -> 0 | CT19: =SUM(AU19,AV19,AW19,AX19/400,AY19,AZ19,BG19,BH19*0.5,BI19*0.25,BJ19,BK19,BL19,BM19,BN19,BO19,BP19,BR19/20,BS19/100,BT19/60,BU19,BV19,BW19,BX19/4,SUM(BY19:CC29)/3,CE19,CG19/3,CI19,CK19,CM19,CO19,CQ19,CR19) -> 1 | CU19: =D19 -> DVB
C20: 2 | D20: DVB | O20: =IF(AND(M20<>0,M20<>"m",M20<>"",RIGHT(K20,3)="Lec"),1,IF(AND(M20<>0,M20<>"m",M20<>"",OR(RIGHT(K20,3)="Lab",RIGHT(K20,3)="Tut")),0.5,IF(AND(M20<>0,M20<>"m",M20<>"",RIGHT(K20,2)="TL"),0.75,0))) -> 0 | CU20: =D20 -> DVB
C21: 3 | D21: DVB | O21: =IF(AND(M21<>0,M21<>"m",M21<>"",RIGHT(K21,3)="Lec"),1,IF(AND(M21<>0,M21<>"m",M21<>"",OR(RIGHT(K21,3)="Lab",RIGHT(K21,3)="Tut")),0.5,IF(AND(M21<>0,M21<>"m",M21<>"",RIGHT(K21,2)="TL"),0.75,0))) -> 0 | CU21: =D21 -> DVB
C22: 4 | D22: DVB | O22: =IF(AND(M22<>0,M22<>"m",M22<>"",RIGHT(K22,3)="Lec"),1,IF(AND(M22<>0,M22<>"m",M22<>"",OR(RIGHT(K22,3)="Lab",RIGHT(K22,3)="Tut")),0.5,IF(AND(M22<>0,M22<>"m",M22<>"",RIGHT(K22,2)="TL"),0.75,0))) -> 0 | CU22: =D22 -> DVB
C23: 5 | D23: DVB | O23: =IF(AND(M23<>0,M23<>"m",M23<>"",RIGHT(K23,3)="Lec"),1,IF(AND(M23<>0,M23<>"m",M23<>"",OR(RIGHT(K23,3)="Lab",RIGHT(K23,3)="Tut")),0.5,IF(AND(M23<>0,M23<>"m",M23<>"",RIGHT(K23,2)="TL"),0.75,0))) -> 0 | CU23: =D23 -> DVB
C24: 6 | D24: DVB | O24: =IF(AND(M24<>0,M24<>"m",M24<>"",RIGHT(K24,3)="Lec"),1,IF(AND(M24<>0,M24<>"m",M24<>"",OR(RIGHT(K24,3)="Lab",RIGHT(K24,3)="Tut")),0.5,IF(AND(M24<>0,M24<>"m",M24<>"",RIGHT(K24,2)="TL"),0.75,0))) -> 0 | CU24: =D24 -> DVB
C25: 7 | D25: DVB | O25: =IF(AND(M25>=20,M25<>"m",RIGHT(K25,3)="Lec"),1,IF(AND(M25>=20,M25<>"m",OR(RIGHT(K25,3)="Lab",RIGHT(K25,3)="Tut")),0.5,IF(AND(M25>=20,M25<>"m",RIGHT(K25,2)="TL"),0.75,0))) -> 0 | CU25: =D25 -> DVB
C26: 8 | D26: DVB | O26: =IF(AND(M26>=20,M26<>"m",RIGHT(K26,3)="Lec"),1,IF(AND(M26>=20,M26<>"m",OR(RIGHT(K26,3)="Lab",RIGHT(K26,3)="Tut")),0.5,IF(AND(M26>=20,M26<>"m",RIGHT(K26,2)="TL"),0.75,0))) -> 0 | CU26: =D26 -> DVB
C27: 9 | D27: DVB | O27: =IF(AND(M27>=20,M27<>"m",RIGHT(K27,3)="Lec"),1,IF(AND(M27>=20,M27<>"m",OR(RIGHT(K27,3)="Lab",RIGHT(K27,3)="Tut")),0.5,IF(AND(M27>=20,M27<>"m",RIGHT(K27,2)="TL"),0.75,0))) -> 0 | CU27: =D27 -> DVB
C28: 10 | D28: DVB | O28: =IF(AND(M28>=20,M28<>"m",RIGHT(K28,3)="Lec"),1,IF(AND(M28>=20,M28<>"m",OR(RIGHT(K28,3)="Lab",RIGHT(K28,3)="Tut")),0.5,IF(AND(M28>=20,M28<>"m",RIGHT(K28,2)="TL"),0.75,0))) -> 0 | CU28: =D28 -> DVB
C29: 11 | D29: DVB | O29: =IF(AND(M29<>0,M29<>"m",M29<>"",RIGHT(K29,3)="Lec"),1,IF(AND(M29<>0,M29<>"m",M29<>"",OR(RIGHT(K29,3)="Lab",RIGHT(K29,3)="Tut")),0.5,IF(AND(M29<>0,M29<>"m",M29<>"",RIGHT(K29,2)="TL"),0.75,0))) -> 0 | CU29: =D29 -> DVB
A30: 3 | B30: Ms. Mansi Hedav DOJ: 01/04/2022 MOB: 9408362853 | C30: 1 | D30: MPH | O30: =IF(AND(M30<>0,M30<>"m",M30<>"",RIGHT(K30,3)="Lec"),1,IF(AND(M30<>0,M30<>"m",M30<>"",OR(RIGHT(K30,3)="Lab",RIGHT(K30,3)="Tut")),0.5,IF(AND(M30<>0,M30<>"m",M30<>"",RIGHT(K30,2)="TL"),0.75,0))) -> 0 | P30: =COUNTIF(K30:K40,"TL")*0.75+COUNTIF(K30:K40,"Lec")*1+COUNTIF(K30:K40,"Lab")*0.5 -> 0 | Q30: =SUM((IF(LEFT(K30,1)="E",O30,0)),(IF(LEFT(K31,1)="E",O31,0)),(IF(LEFT(K32,1)="E",O32,0)),(IF(LEFT(K33,1)="E",O33,0)),(IF(LEFT(K34,1)="E",O34,0)),(IF(LEFT(K35,1)="E",O35,0)),(IF(LEFT(K36,1)="E",O36,0)),(IF(LEFT(K37,1)="E",O37,0)),(IF(LEFT(K38,1)="E",O38,0)),(IF(LEFT(K39,1)="E",O39,0)),(IF(LEFT(K40,1)="E",O40,0))) -> 0 | R30: =SUM(IF(M36<20,IF(K36="Plec",-1,IF(K36="PTL",-0.75,IF(K36="Plab",-0.5,0))),0),IF(M37<20,IF(K37="Plec",-1,IF(K37="PTL",-0.75,IF(K37="Plab",-0.5,0))),0),IF(M38<20,IF(K38="Plec",-1,IF(K38="PTL",-0.75,IF(K38="Plab",-0.5,0))),0),IF(M39<20,IF(K39="Plec",-1,IF(K39="PTL",-0.75,IF(K39="Plab",-0.5,0))),0)) -> 0 | S30: =SUM(P30:R40) -> 0 | T30: =SUM(IF(M30="M",IF(OR(K30="lec",K30="plec",K30="slec"),1,IF(OR(K30="lab",K30="plab",K30="slab",K30="tut",K30="ptut",K30="stut"),0.5,IF(OR(K30="TL",K30="pTL",K30="STL"),0.75,0))),0),IF(M31="M",IF(OR(K31="lec",K31="plec",K31="slec"),1,IF(OR(K31="lab",K31="plab",K31="slab",K31="tut",K31="ptut",K31="stut"),0.5,IF(OR(K31="TL",K31="pTL",K31="STL"),0.75,0))),0),IF(M32="M",IF(OR(K32="lec",K32="plec",K32="slec"),1,IF(OR(K32="lab",K32="plab",K32="slab",K32="tut",K32="ptut",K32="stut"),0.5,IF(OR(K32="TL",K32="pTL",K32="STL"),0.75,0))),0),IF(M33="M",IF(OR(K33="lec",K33="plec",K33="slec"),1,IF(OR(K33="lab",K33="plab",K33="slab",K33="tut",K33="ptut",K33="stut"),0.5,IF(OR(K33="TL",K33="pTL",K33="STL"),0.75,0))),0),IF(M34="M",IF(OR(K34="lec",K34="plec",K34="slec"),1,IF(OR(K34="lab",K34="plab",K34="slab",K34="tut",K34="ptut",K34="stut"),0.5,IF(OR(K34="TL",K34="pTL",K34="STL"),0.75,0))),0),IF(M35="M",IF(OR(K35="lec",K35="plec",K35="slec"),1,IF(OR(K35="lab",K35="plab",K35="slab",K35="tut",K35="ptut",K35="stut"),0.5,IF(OR(K35="TL",K35="pTL",K35="STL"),0.75,0))),0),IF(M36="M",IF(OR(K36="lec",K36="plec",K36="slec"),1,IF(OR(K36="lab",K36="plab",K36="slab",K36="tut",K36="ptut",K36="stut"),0.5,IF(OR(K36="TL",K36="pTL",K36="STL"),0.75,0))),0),IF(M37="M",IF(OR(K37="lec",K37="plec",K37="slec"),1,IF(OR(K37="lab",K37="plab",K37="slab",K37="tut",K37="ptut",K37="stut"),0.5,IF(OR(K37="TL",K37="pTL",K37="STL"),0.75,0))),0),IF(M38="M",IF(OR(K38="lec",K38="plec",K38="slec"),1,IF(OR(K38="lab",K38="plab",K38="slab",K38="tut",K38="ptut",K38="stut"),0.5,IF(OR(K38="TL",K38="pTL",K38="STL"),0.75,0))),0),IF(M39="M",IF(OR(K39="lec",K39="plec",K39="slec"),1,IF(OR(K39="lab",K39="plab",K39="slab",K39="tut",K39="ptut",K39="stut"),0.5,IF(OR(K39="TL",K39="pTL",K39="STL"),0.75,0))),0),IF(M40="M",IF(OR(K40="lec",K40="plec",K40="slec"),1,IF(OR(K40="lab",K40="plab",K40="slab",K40="tut",K40="ptut",K40="stut"),0.5,IF(OR(K40="TL",K40="pTL",K40="STL"),0.75,0))),0)) -> 0 | X30: =S30-(T30+U30+V30+W30) -> 0 | Y30: =CONCATENATE(SUM(O30:O40),"(",SUM(O30:O40)-X30,")") -> 0(0) | AP30: =SUM(SUM(O30:O40),SUM(AI30:AI40)/2,AM30) -> 0 | AR30: =AP30*AQ30 -> 0 | AS30: =CT30 -> 1 | AT30: =AR30*0.75+AS30*0.25 -> 0.25 | BA30: 1 | BB30: Morning | BC30: 2 | BD30: 108-1 | BE30: Assigned | BG30: 1 | CS30: =SUM(IF(AU30<0,ABS(AU30),0),IF(AZ30<0,ABS(AZ30),0),ABS(CI30),ABS(CK30),ABS(CM30),ABS(CO30),ABS(CQ30),ABS(CR30)) -> 0 | CT30: =SUM(AU30,AV30,AW30,AX30/400,AY30,AZ30,BG30,BH30*0.5,BI30*0.25,BJ30,BK30,BL30,BM30,BN30,BO30,BP30,BR30/20,BS30/100,BT30/60,BU30,BV30,BW30,BX30/4,SUM(BY30:CC40)/3,CE30,CG30/3,CI30,CK30,CM30,CO30,CQ30,CR30) -> 1 | CU30: =D30 -> MPH
C31: 2 | D31: MPH | O31: =IF(AND(M31<>0,M31<>"m",M31<>"",RIGHT(K31,3)="Lec"),1,IF(AND(M31<>0,M31<>"m",M31<>"",OR(RIGHT(K31,3)="Lab",RIGHT(K31,3)="Tut")),0.5,IF(AND(M31<>0,M31<>"m",M31<>"",RIGHT(K31,2)="TL"),0.75,0))) -> 0 | CU31: =D31 -> MPH
C32: 3 | D32: MPH | O32: =IF(AND(M32<>0,M32<>"m",M32<>"",RIGHT(K32,3)="Lec"),1,IF(AND(M32<>0,M32<>"m",M32<>"",OR(RIGHT(K32,3)="Lab",RIGHT(K32,3)="Tut")),0.5,IF(AND(M32<>0,M32<>"m",M32<>"",RIGHT(K32,2)="TL"),0.75,0))) -> 0 | CU32: =D32 -> MPH
C33: 4 | D33: MPH | O33: =IF(AND(M33<>0,M33<>"m",M33<>"",RIGHT(K33,3)="Lec"),1,IF(AND(M33<>0,M33<>"m",M33<>"",OR(RIGHT(K33,3)="Lab",RIGHT(K33,3)="Tut")),0.5,IF(AND(M33<>0,M33<>"m",M33<>"",RIGHT(K33,2)="TL"),0.75,0))) -> 0 | CU33: =D33 -> MPH
C34: 5 | D34: MPH | O34: =IF(AND(M34<>0,M34<>"m",M34<>"",RIGHT(K34,3)="Lec"),1,IF(AND(M34<>0,M34<>"m",M34<>"",OR(RIGHT(K34,3)="Lab",RIGHT(K34,3)="Tut")),0.5,IF(AND(M34<>0,M34<>"m",M34<>"",RIGHT(K34,2)="TL"),0.75,0))) -> 0 | CU34: =D34 -> MPH
C35: 6 | D35: MPH | O35: =IF(AND(M35<>0,M35<>"m",M35<>"",RIGHT(K35,3)="Lec"),1,IF(AND(M35<>0,M35<>"m",M35<>"",OR(RIGHT(K35,3)="Lab",RIGHT(K35,3)="Tut")),0.5,IF(AND(M35<>0,M35<>"m",M35<>"",RIGHT(K35,2)="TL"),0.75,0))) -> 0 | CU35: =D35 -> MPH
C36: 7 | D36: MPH | O36: =IF(AND(M36>=20,M36<>"m",RIGHT(K36,3)="Lec"),1,IF(AND(M36>=20,M36<>"m",OR(RIGHT(K36,3)="Lab",RIGHT(K36,3)="Tut")),0.5,IF(AND(M36>=20,M36<>"m",RIGHT(K36,2)="TL"),0.75,0))) -> 0 | CU36: =D36 -> MPH
C37: 8 | D37: MPH | O37: =IF(AND(M37>=20,M37<>"m",RIGHT(K37,3)="Lec"),1,IF(AND(M37>=20,M37<>"m",OR(RIGHT(K37,3)="Lab",RIGHT(K37,3)="Tut")),0.5,IF(AND(M37>=20,M37<>"m",RIGHT(K37,2)="TL"),0.75,0))) -> 0 | CU37: =D37 -> MPH
C38: 9 | D38: MPH | O38: =IF(AND(M38>=20,M38<>"m",RIGHT(K38,3)="Lec"),1,IF(AND(M38>=20,M38<>"m",OR(RIGHT(K38,3)="Lab",RIGHT(K38,3)="Tut")),0.5,IF(AND(M38>=20,M38<>"m",RIGHT(K38,2)="TL"),0.75,0))) -> 0 | CU38: =D38 -> MPH
C39: 10 | D39: MPH | O39: =IF(AND(M39>=20,M39<>"m",RIGHT(K39,3)="Lec"),1,IF(AND(M39>=20,M39<>"m",OR(RIGHT(K39,3)="Lab",RIGHT(K39,3)="Tut")),0.5,IF(AND(M39>=20,M39<>"m",RIGHT(K39,2)="TL"),0.75,0))) -> 0 | CU39: =D39 -> MPH
C40: 11 | D40: MPH | O40: =IF(AND(M40<>0,M40<>"m",M40<>"",RIGHT(K40,3)="Lec"),1,IF(AND(M40<>0,M40<>"m",M40<>"",OR(RIGHT(K40,3)="Lab",RIGHT(K40,3)="Tut")),0.5,IF(AND(M40<>0,M40<>"m",M40<>"",RIGHT(K40,2)="TL"),0.75,0))) -> 0 | CU40: =D40 -> MPH
A41: 4 | B41: Mr.Mehul Kodiya DOJ: 16/06/2015 MOB: 9998650442 | C41: 1 | D41: MVK | O41: =IF(AND(M41<>0,M41<>"m",M41<>"",RIGHT(K41,3)="Lec"),1,IF(AND(M41<>0,M41<>"m",M41<>"",OR(RIGHT(K41,3)="Lab",RIGHT(K41,3)="Tut")),0.5,IF(AND(M41<>0,M41<>"m",M41<>"",RIGHT(K41,2)="TL"),0.75,0))) -> 0 | P41: =COUNTIF(K41:K51,"TL")*0.75+COUNTIF(K41:K51,"Lec")*1+COUNTIF(K41:K51,"Lab")*0.5 -> 0 | Q41: =SUM((IF(LEFT(K41,1)="E",O41,0)),(IF(LEFT(K42,1)="E",O42,0)),(IF(LEFT(K43,1)="E",O43,0)),(IF(LEFT(K44,1)="E",O44,0)),(IF(LEFT(K45,1)="E",O45,0)),(IF(LEFT(K46,1)="E",O46,0)),(IF(LEFT(K47,1)="E",O47,0)),(IF(LEFT(K48,1)="E",O48,0)),(IF(LEFT(K49,1)="E",O49,0)),(IF(LEFT(K50,1)="E",O50,0)),(IF(LEFT(K51,1)="E",O51,0))) -> 0 | R41: =SUM(IF(M47<20,IF(K47="Plec",-1,IF(K47="PTL",-0.75,IF(K47="Plab",-0.5,0))),0),IF(M48<20,IF(K48="Plec",-1,IF(K48="PTL",-0.75,IF(K48="Plab",-0.5,0))),0),IF(M49<20,IF(K49="Plec",-1,IF(K49="PTL",-0.75,IF(K49="Plab",-0.5,0))),0),IF(M50<20,IF(K50="Plec",-1,IF(K50="PTL",-0.75,IF(K50="Plab",-0.5,0))),0)) -> 0 | S41: =SUM(P41:R51) -> 0 | T41: =SUM(IF(M41="M",IF(OR(K41="lec",K41="plec",K41="slec"),1,IF(OR(K41="lab",K41="plab",K41="slab",K41="tut",K41="ptut",K41="stut"),0.5,IF(OR(K41="TL",K41="pTL",K41="STL"),0.75,0))),0),IF(M42="M",IF(OR(K42="lec",K42="plec",K42="slec"),1,IF(OR(K42="lab",K42="plab",K42="slab",K42="tut",K42="ptut",K42="stut"),0.5,IF(OR(K42="TL",K42="pTL",K42="STL"),0.75,0))),0),IF(M43="M",IF(OR(K43="lec",K43="plec",K43="slec"),1,IF(OR(K43="lab",K43="plab",K43="slab",K43="tut",K43="ptut",K43="stut"),0.5,IF(OR(K43="TL",K43="pTL",K43="STL"),0.75,0))),0),IF(M44="M",IF(OR(K44="lec",K44="plec",K44="slec"),1,IF(OR(K44="lab",K44="plab",K44="slab",K44="tut",K44="ptut",K44="stut"),0.5,IF(OR(K44="TL",K44="pTL",K44="STL"),0.75,0))),0),IF(M45="M",IF(OR(K45="lec",K45="plec",K45="slec"),1,IF(OR(K45="lab",K45="plab",K45="slab",K45="tut",K45="ptut",K45="stut"),0.5,IF(OR(K45="TL",K45="pTL",K45="STL"),0.75,0))),0),IF(M46="M",IF(OR(K46="lec",K46="plec",K46="slec"),1,IF(OR(K46="lab",K46="plab",K46="slab",K46="tut",K46="ptut",K46="stut"),0.5,IF(OR(K46="TL",K46="pTL",K46="STL"),0.75,0))),0),IF(M47="M",IF(OR(K47="lec",K47="plec",K47="slec"),1,IF(OR(K47="lab",K47="plab",K47="slab",K47="tut",K47="ptut",K47="stut"),0.5,IF(OR(K47="TL",K47="pTL",K47="STL"),0.75,0))),0),IF(M48="M",IF(OR(K48="lec",K48="plec",K48="slec"),1,IF(OR(K48="lab",K48="plab",K48="slab",K48="tut",K48="ptut",K48="stut"),0.5,IF(OR(K48="TL",K48="pTL",K48="STL"),0.75,0))),0),IF(M49="M",IF(OR(K49="lec",K49="plec",K49="slec"),1,IF(OR(K49="lab",K49="plab",K49="slab",K49="tut",K49="ptut",K49="stut"),0.5,IF(OR(K49="TL",K49="pTL",K49="STL"),0.75,0))),0),IF(M50="M",IF(OR(K50="lec",K50="plec",K50="slec"),1,IF(OR(K50="lab",K50="plab",K50="slab",K50="tut",K50="ptut",K50="stut"),0.5,IF(OR(K50="TL",K50="pTL",K50="STL"),0.75,0))),0),IF(M51="M",IF(OR(K51="lec",K51="plec",K51="slec"),1,IF(OR(K51="lab",K51="plab",K51="slab",K51="tut",K51="ptut",K51="stut"),0.5,IF(OR(K51="TL",K51="pTL",K51="STL"),0.75,0))),0)) -> 0 | X41: =S41-(T41+U41+V41+W41) -> 0 | Y41: =CONCATENATE(SUM(O41:O51),"(",SUM(O41:O51)-X41,")") -> 0(0) | AP41: =SUM(SUM(O41:O51),SUM(AI41:AI51)/2,AM41) -> 0 | AR41: =AP41*AQ41 -> 0 | AS41: =CT41 -> 1.5 | AT41: =AR41*0.75+AS41*0.25 -> 0.375 | BI41: 6 | CS41: =SUM(IF(AU41<0,ABS(AU41),0),IF(AZ41<0,ABS(AZ41),0),ABS(CI41),ABS(CK41),ABS(CM41),ABS(CO41),ABS(CQ41),ABS(CR41)) -> 0 | CT41: =SUM(AU41,AV41,AW41,AX41/400,AY41,AZ41,BG41,BH41*0.5,BI41*0.25,BJ41,BK41,BL41,BM41,BN41,BO41,BP41,BR41/20,BS41/100,BT41/60,BU41,BV41,BW41,BX41/4,SUM(BY41:CC51)/3,CE41,CG41/3,CI41,CK41,CM41,CO41,CQ41,CR41) -> 1.5 | CU41: =D41 -> MVK
C42: 2 | D42: MVK | O42: =IF(AND(M42<>0,M42<>"m",M42<>"",RIGHT(K42,3)="Lec"),1,IF(AND(M42<>0,M42<>"m",M42<>"",OR(RIGHT(K42,3)="Lab",RIGHT(K42,3)="Tut")),0.5,IF(AND(M42<>0,M42<>"m",M42<>"",RIGHT(K42,2)="TL"),0.75,0))) -> 0 | CU42: =D42 -> MVK
C43: 3 | D43: MVK | O43: =IF(AND(M43<>0,M43<>"m",M43<>"",RIGHT(K43,3)="Lec"),1,IF(AND(M43<>0,M43<>"m",M43<>"",OR(RIGHT(K43,3)="Lab",RIGHT(K43,3)="Tut")),0.5,IF(AND(M43<>0,M43<>"m",M43<>"",RIGHT(K43,2)="TL"),0.75,0))) -> 0 | CU43: =D43 -> MVK
C44: 4 | D44: MVK | O44: =IF(AND(M44<>0,M44<>"m",M44<>"",RIGHT(K44,3)="Lec"),1,IF(AND(M44<>0,M44<>"m",M44<>"",OR(RIGHT(K44,3)="Lab",RIGHT(K44,3)="Tut")),0.5,IF(AND(M44<>0,M44<>"m",M44<>"",RIGHT(K44,2)="TL"),0.75,0))) -> 0 | CU44: =D44 -> MVK
C45: 5 | D45: MVK | O45: =IF(AND(M45<>0,M45<>"m",M45<>"",RIGHT(K45,3)="Lec"),1,IF(AND(M45<>0,M45<>"m",M45<>"",OR(RIGHT(K45,3)="Lab",RIGHT(K45,3)="Tut")),0.5,IF(AND(M45<>0,M45<>"m",M45<>"",RIGHT(K45,2)="TL"),0.75,0))) -> 0 | CU45: =D45 -> MVK
C46: 6 | D46: MVK | O46: =IF(AND(M46<>0,M46<>"m",M46<>"",RIGHT(K46,3)="Lec"),1,IF(AND(M46<>0,M46<>"m",M46<>"",OR(RIGHT(K46,3)="Lab",RIGHT(K46,3)="Tut")),0.5,IF(AND(M46<>0,M46<>"m",M46<>"",RIGHT(K46,2)="TL"),0.75,0))) -> 0 | CU46: =D46 -> MVK
C47: 7 | D47: MVK | O47: =IF(AND(M47>=20,M47<>"m",RIGHT(K47,3)="Lec"),1,IF(AND(M47>=20,M47<>"m",OR(RIGHT(K47,3)="Lab",RIGHT(K47,3)="Tut")),0.5,IF(AND(M47>=20,M47<>"m",RIGHT(K47,2)="TL"),0.75,0))) -> 0 | CU47: =D47 -> MVK
C48: 8 | D48: MVK | O48: =IF(AND(M48>=20,M48<>"m",RIGHT(K48,3)="Lec"),1,IF(AND(M48>=20,M48<>"m",OR(RIGHT(K48,3)="Lab",RIGHT(K48,3)="Tut")),0.5,IF(AND(M48>=20,M48<>"m",RIGHT(K48,2)="TL"),0.75,0))) -> 0 | CU48: =D48 -> MVK
C49: 9 | D49: MVK | O49: =IF(AND(M49>=20,M49<>"m",RIGHT(K49,3)="Lec"),1,IF(AND(M49>=20,M49<>"m",OR(RIGHT(K49,3)="Lab",RIGHT(K49,3)="Tut")),0.5,IF(AND(M49>=20,M49<>"m",RIGHT(K49,2)="TL"),0.75,0))) -> 0 | CU49: =D49 -> MVK
C50: 10 | D50: MVK | O50: =IF(AND(M50>=20,M50<>"m",RIGHT(K50,3)="Lec"),1,IF(AND(M50>=20,M50<>"m",OR(RIGHT(K50,3)="Lab",RIGHT(K50,3)="Tut")),0.5,IF(AND(M50>=20,M50<>"m",RIGHT(K50,2)="TL"),0.75,0))) -> 0 | CU50: =D50 -> MVK
C51: 11 | D51: MVK | O51: =IF(AND(M51<>0,M51<>"m",M51<>"",RIGHT(K51,3)="Lec"),1,IF(AND(M51<>0,M51<>"m",M51<>"",OR(RIGHT(K51,3)="Lab",RIGHT(K51,3)="Tut")),0.5,IF(AND(M51<>0,M51<>"m",M51<>"",RIGHT(K51,2)="TL"),0.75,0))) -> 0 | CU51: =D51 -> MVK
A52: 5 | B52: Ms.Priyanka Sinha DOJ: 01/03/2023 MOB: 9558836857 | C52: 1 | D52: PCS | O52: =IF(AND(M52<>0,M52<>"m",M52<>"",RIGHT(K52,3)="Lec"),1,IF(AND(M52<>0,M52<>"m",M52<>"",OR(RIGHT(K52,3)="Lab",RIGHT(K52,3)="Tut")),0.5,IF(AND(M52<>0,M52<>"m",M52<>"",RIGHT(K52,2)="TL"),0.75,0))) -> 0 | P52: =COUNTIF(K52:K62,"TL")*0.75+COUNTIF(K52:K62,"Lec")*1+COUNTIF(K52:K62,"Lab")*0.5 -> 0 | Q52: =SUM((IF(LEFT(K52,1)="E",O52,0)),(IF(LEFT(K53,1)="E",O53,0)),(IF(LEFT(K54,1)="E",O54,0)),(IF(LEFT(K55,1)="E",O55,0)),(IF(LEFT(K56,1)="E",O56,0)),(IF(LEFT(K57,1)="E",O57,0)),(IF(LEFT(K58,1)="E",O58,0)),(IF(LEFT(K59,1)="E",O59,0)),(IF(LEFT(K60,1)="E",O60,0)),(IF(LEFT(K61,1)="E",O61,0)),(IF(LEFT(K62,1)="E",O62,0))) -> 0 | R52: =SUM(IF(M58<20,IF(K58="Plec",-1,IF(K58="PTL",-0.75,IF(K58="Plab",-0.5,0))),0),IF(M59<20,IF(K59="Plec",-1,IF(K59="PTL",-0.75,IF(K59="Plab",-0.5,0))),0),IF(M60<20,IF(K60="Plec",-1,IF(K60="PTL",-0.75,IF(K60="Plab",-0.5,0))),0),IF(M61<20,IF(K61="Plec",-1,IF(K61="PTL",-0.75,IF(K61="Plab",-0.5,0))),0)) -> 0 | S52: =SUM(P52:R62) -> 0 | T52: =SUM(IF(M52="M",IF(OR(K52="lec",K52="plec",K52="slec"),1,IF(OR(K52="lab",K52="plab",K52="slab",K52="tut",K52="ptut",K52="stut"),0.5,IF(OR(K52="TL",K52="pTL",K52="STL"),0.75,0))),0),IF(M53="M",IF(OR(K53="lec",K53="plec",K53="slec"),1,IF(OR(K53="lab",K53="plab",K53="slab",K53="tut",K53="ptut",K53="stut"),0.5,IF(OR(K53="TL",K53="pTL",K53="STL"),0.75,0))),0),IF(M54="M",IF(OR(K54="lec",K54="plec",K54="slec"),1,IF(OR(K54="lab",K54="plab",K54="slab",K54="tut",K54="ptut",K54="stut"),0.5,IF(OR(K54="TL",K54="pTL",K54="STL"),0.75,0))),0),IF(M55="M",IF(OR(K55="lec",K55="plec",K55="slec"),1,IF(OR(K55="lab",K55="plab",K55="slab",K55="tut",K55="ptut",K55="stut"),0.5,IF(OR(K55="TL",K55="pTL",K55="STL"),0.75,0))),0),IF(M56="M",IF(OR(K56="lec",K56="plec",K56="slec"),1,IF(OR(K56="lab",K56="plab",K56="slab",K56="tut",K56="ptut",K56="stut"),0.5,IF(OR(K56="TL",K56="pTL",K56="STL"),0.75,0))),0),IF(M57="M",IF(OR(K57="lec",K57="plec",K57="slec"),1,IF(OR(K57="lab",K57="plab",K57="slab",K57="tut",K57="ptut",K57="stut"),0.5,IF(OR(K57="TL",K57="pTL",K57="STL"),0.75,0))),0),IF(M58="M",IF(OR(K58="lec",K58="plec",K58="slec"),1,IF(OR(K58="lab",K58="plab",K58="slab",K58="tut",K58="ptut",K58="stut"),0.5,IF(OR(K58="TL",K58="pTL",K58="STL"),0.75,0))),0),IF(M59="M",IF(OR(K59="lec",K59="plec",K59="slec"),1,IF(OR(K59="lab",K59="plab",K59="slab",K59="tut",K59="ptut",K59="stut"),0.5,IF(OR(K59="TL",K59="pTL",K59="STL"),0.75,0))),0),IF(M60="M",IF(OR(K60="lec",K60="plec",K60="slec"),1,IF(OR(K60="lab",K60="plab",K60="slab",K60="tut",K60="ptut",K60="stut"),0.5,IF(OR(K60="TL",K60="pTL",K60="STL"),0.75,0))),0),IF(M61="M",IF(OR(K61="lec",K61="plec",K61="slec"),1,IF(OR(K61="lab",K61="plab",K61="slab",K61="tut",K61="ptut",K61="stut"),0.5,IF(OR(K61="TL",K61="pTL",K61="STL"),0.75,0))),0),IF(M62="M",IF(OR(K62="lec",K62="plec",K62="slec"),1,IF(OR(K62="lab",K62="plab",K62="slab",K62="tut",K62="ptut",K62="stut"),0.5,IF(OR(K62="TL",K62="pTL",K62="STL"),0.75,0))),0)) -> 0 | X52: =S52-(T52+U52+V52+W52) -> 0 | Y52: =CONCATENATE(SUM(O52:O62),"(",SUM(O52:O62)-X52,")") -> 0(0) | AP52: =SUM(SUM(O52:O62),SUM(AI52:AI62)/2,AM52) -> 0 | AR52: =AP52*AQ52 -> 0 | AS52: =CT52 -> 9.7 | AT52: =AR52*0.75+AS52*0.25 -> 2.425 | BA52: 1 | BB52: Afternoon | BC52: 1 | BD52: 302 | BE52: Assigned | BG52: 2 | BI52: 6 | BM52: 6.2 | CF52: Supervision done in SY CE/IT of FSD-1 on 22/10/2024 and paper checking 92 SY-3 | CS52: =SUM(IF(AU52<0,ABS(AU52),0),IF(AZ52<0,ABS(AZ52),0),ABS(CI52),ABS(CK52),ABS(CM52),ABS(CO52),ABS(CQ52),ABS(CR52)) -> 0 | CT52: =SUM(AU52,AV52,AW52,AX52/400,AY52,AZ52,BG52,BH52*0.5,BI52*0.25,BJ52,BK52,BL52,BM52,BN52,BO52,BP52,BR52/20,BS52/100,BT52/60,BU52,BV52,BW52,BX52/4,SUM(BY52:CC62)/3,CE52,CG52/3,CI52,CK52,CM52,CO52,CQ52,CR52) -> 9.7 | CU52: =D52 -> PCS
C53: 2 | D53: PCS | O53: =IF(AND(M53<>0,M53<>"m",M53<>"",RIGHT(K53,3)="Lec"),1,IF(AND(M53<>0,M53<>"m",M53<>"",OR(RIGHT(K53,3)="Lab",RIGHT(K53,3)="Tut")),0.5,IF(AND(M53<>0,M53<>"m",M53<>"",RIGHT(K53,2)="TL"),0.75,0))) -> 0 | CU53: =D53 -> PCS
C54: 3 | D54: PCS | O54: =IF(AND(M54<>0,M54<>"m",M54<>"",RIGHT(K54,3)="Lec"),1,IF(AND(M54<>0,M54<>"m",M54<>"",OR(RIGHT(K54,3)="Lab",RIGHT(K54,3)="Tut")),0.5,IF(AND(M54<>0,M54<>"m",M54<>"",RIGHT(K54,2)="TL"),0.75,0))) -> 0 | CU54: =D54 -> PCS
C55: 4 | D55: PCS | O55: =IF(AND(M55<>0,M55<>"m",M55<>"",RIGHT(K55,3)="Lec"),1,IF(AND(M55<>0,M55<>"m",M55<>"",OR(RIGHT(K55,3)="Lab",RIGHT(K55,3)="Tut")),0.5,IF(AND(M55<>0,M55<>"m",M55<>"",RIGHT(K55,2)="TL"),0.75,0))) -> 0 | CU55: =D55 -> PCS
C56: 5 | D56: PCS | O56: =IF(AND(M56<>0,M56<>"m",M56<>"",RIGHT(K56,3)="Lec"),1,IF(AND(M56<>0,M56<>"m",M56<>"",OR(RIGHT(K56,3)="Lab",RIGHT(K56,3)="Tut")),0.5,IF(AND(M56<>0,M56<>"m",M56<>"",RIGHT(K56,2)="TL"),0.75,0))) -> 0 | CU56: =D56 -> PCS
C57: 6 | D57: PCS | O57: =IF(AND(M57<>0,M57<>"m",M57<>"",RIGHT(K57,3)="Lec"),1,IF(AND(M57<>0,M57<>"m",M57<>"",OR(RIGHT(K57,3)="Lab",RIGHT(K57,3)="Tut")),0.5,IF(AND(M57<>0,M57<>"m",M57<>"",RIGHT(K57,2)="TL"),0.75,0))) -> 0 | CU57: =D57 -> PCS
C58: 7 | D58: PCS | O58: =IF(AND(M58>=20,M58<>"m",RIGHT(K58,3)="Lec"),1,IF(AND(M58>=20,M58<>"m",OR(RIGHT(K58,3)="Lab",RIGHT(K58,3)="Tut")),0.5,IF(AND(M58>=20,M58<>"m",RIGHT(K58,2)="TL"),0.75,0))) -> 0 | CU58: =D58 -> PCS
C59: 8 | D59: PCS | O59: =IF(AND(M59>=20,M59<>"m",RIGHT(K59,3)="Lec"),1,IF(AND(M59>=20,M59<>"m",OR(RIGHT(K59,3)="Lab",RIGHT(K59,3)="Tut")),0.5,IF(AND(M59>=20,M59<>"m",RIGHT(K59,2)="TL"),0.75,0))) -> 0 | CU59: =D59 -> PCS
C60: 9 | D60: PCS | O60: =IF(AND(M60>=20,M60<>"m",RIGHT(K60,3)="Lec"),1,IF(AND(M60>=20,M60<>"m",OR(RIGHT(K60,3)="Lab",RIGHT(K60,3)="Tut")),0.5,IF(AND(M60>=20,M60<>"m",RIGHT(K60,2)="TL"),0.75,0))) -> 0 | CU60: =D60 -> PCS
C61: 10 | D61: PCS | O61: =IF(AND(M61>=20,M61<>"m",RIGHT(K61,3)="Lec"),1,IF(AND(M61>=20,M61<>"m",OR(RIGHT(K61,3)="Lab",RIGHT(K61,3)="Tut")),0.5,IF(AND(M61>=20,M61<>"m",RIGHT(K61,2)="TL"),0.75,0))) -> 0 | CU61: =D61 -> PCS
C62: 11 | D62: PCS | O62: =IF(AND(M62<>0,M62<>"m",M62<>"",RIGHT(K62,3)="Lec"),1,IF(AND(M62<>0,M62<>"m",M62<>"",OR(RIGHT(K62,3)="Lab",RIGHT(K62,3)="Tut")),0.5,IF(AND(M62<>0,M62<>"m",M62<>"",RIGHT(K62,2)="TL"),0.75,0))) -> 0 | CU62: =D62 -> PCS
A63: 6 | B63: Ms.Khushbu Patel DOJ: 13/03/2023 MOB: 9033387936 | C63: 1 | D63: PKP | O63: =IF(AND(M63<>0,M63<>"m",M63<>"",RIGHT(K63,3)="Lec"),1,IF(AND(M63<>0,M63<>"m",M63<>"",OR(RIGHT(K63,3)="Lab",RIGHT(K63,3)="Tut")),0.5,IF(AND(M63<>0,M63<>"m",M63<>"",RIGHT(K63,2)="TL"),0.75,0))) -> 0 | P63: =COUNTIF(K63:K73,"TL")*0.75+COUNTIF(K63:K73,"Lec")*1+COUNTIF(K63:K73,"Lab")*0.5 -> 0 | Q63: =SUM((IF(LEFT(K63,1)="E",O63,0)),(IF(LEFT(K64,1)="E",O64,0)),(IF(LEFT(K65,1)="E",O65,0)),(IF(LEFT(K66,1)="E",O66,0)),(IF(LEFT(K67,1)="E",O67,0)),(IF(LEFT(K68,1)="E",O68,0)),(IF(LEFT(K69,1)="E",O69,0)),(IF(LEFT(K70,1)="E",O70,0)),(IF(LEFT(K71,1)="E",O71,0)),(IF(LEFT(K72,1)="E",O72,0)),(IF(LEFT(K73,1)="E",O73,0))) -> 0 | R63: =SUM(IF(M69<20,IF(K69="Plec",-1,IF(K69="PTL",-0.75,IF(K69="Plab",-0.5,0))),0),IF(M70<20,IF(K70="Plec",-1,IF(K70="PTL",-0.75,IF(K70="Plab",-0.5,0))),0),IF(M71<20,IF(K71="Plec",-1,IF(K71="PTL",-0.75,IF(K71="Plab",-0.5,0))),0),IF(M72<20,IF(K72="Plec",-1,IF(K72="PTL",-0.75,IF(K72="Plab",-0.5,0))),0)) -> 0 | S63: =SUM(P63:R73) -> 0 | T63: =SUM(IF(M63="M",IF(OR(K63="lec",K63="plec",K63="slec"),1,IF(OR(K63="lab",K63="plab",K63="slab",K63="tut",K63="ptut",K63="stut"),0.5,IF(OR(K63="TL",K63="pTL",K63="STL"),0.75,0))),0),IF(M64="M",IF(OR(K64="lec",K64="plec",K64="slec"),1,IF(OR(K64="lab",K64="plab",K64="slab",K64="tut",K64="ptut",K64="stut"),0.5,IF(OR(K64="TL",K64="pTL",K64="STL"),0.75,0))),0),IF(M65="M",IF(OR(K65="lec",K65="plec",K65="slec"),1,IF(OR(K65="lab",K65="plab",K65="slab",K65="tut",K65="ptut",K65="stut"),0.5,IF(OR(K65="TL",K65="pTL",K65="STL"),0.75,0))),0),IF(M66="M",IF(OR(K66="lec",K66="plec",K66="slec"),1,IF(OR(K66="lab",K66="plab",K66="slab",K66="tut",K66="ptut",K66="stut"),0.5,IF(OR(K66="TL",K66="pTL",K66="STL"),0.75,0))),0),IF(M67="M",IF(OR(K67="lec",K67="plec",K67="slec"),1,IF(OR(K67="lab",K67="plab",K67="slab",K67="tut",K67="ptut",K67="stut"),0.5,IF(OR(K67="TL",K67="pTL",K67="STL"),0.75,0))),0),IF(M68="M",IF(OR(K68="lec",K68="plec",K68="slec"),1,IF(OR(K68="lab",K68="plab",K68="slab",K68="tut",K68="ptut",K68="stut"),0.5,IF(OR(K68="TL",K68="pTL",K68="STL"),0.75,0))),0),IF(M69="M",IF(OR(K69="lec",K69="plec",K69="slec"),1,IF(OR(K69="lab",K69="plab",K69="slab",K69="tut",K69="ptut",K69="stut"),0.5,IF(OR(K69="TL",K69="pTL",K69="STL"),0.75,0))),0),IF(M70="M",IF(OR(K70="lec",K70="plec",K70="slec"),1,IF(OR(K70="lab",K70="plab",K70="slab",K70="tut",K70="ptut",K70="stut"),0.5,IF(OR(K70="TL",K70="pTL",K70="STL"),0.75,0))),0),IF(M71="M",IF(OR(K71="lec",K71="plec",K71="slec"),1,IF(OR(K71="lab",K71="plab",K71="slab",K71="tut",K71="ptut",K71="stut"),0.5,IF(OR(K71="TL",K71="pTL",K71="STL"),0.75,0))),0),IF(M72="M",IF(OR(K72="lec",K72="plec",K72="slec"),1,IF(OR(K72="lab",K72="plab",K72="slab",K72="tut",K72="ptut",K72="stut"),0.5,IF(OR(K72="TL",K72="pTL",K72="STL"),0.75,0))),0),IF(M73="M",IF(OR(K73="lec",K73="plec",K73="slec"),1,IF(OR(K73="lab",K73="plab",K73="slab",K73="tut",K73="ptut",K73="stut"),0.5,IF(OR(K73="TL",K73="pTL",K73="STL"),0.75,0))),0)) -> 0 | X63: =S63-(T63+U63+V63+W63) -> 0 | Y63: =CONCATENATE(SUM(O63:O73),"(",SUM(O63:O73)-X63,")") -> 0(0) | AP63: =SUM(SUM(O63:O73),SUM(AI63:AI73)/2,AM63) -> 0 | AR63: =AP63*AQ63 -> 0 | AS63: =CT63 -> 1 | AT63: =AR63*0.75+AS63*0.25 -> 0.25 | BA63: 1 | BB63: Morning | BC63: 3 | BD63: 108-1 | BE63: Assigned | BG63: 1 | CS63: =SUM(IF(AU63<0,ABS(AU63),0),IF(AZ63<0,ABS(AZ63),0),ABS(CI63),ABS(CK63),ABS(CM63),ABS(CO63),ABS(CQ63),ABS(CR63)) -> 0 | CT63: =SUM(AU63,AV63,AW63,AX63/400,AY63,AZ63,BG63,BH63*0.5,BI63*0.25,BJ63,BK63,BL63,BM63,BN63,BO63,BP63,BR63/20,BS63/100,BT63/60,BU63,BV63,BW63,BX63/4,SUM(BY63:CC73)/3,CE63,CG63/3,CI63,CK63,CM63,CO63,CQ63,CR63) -> 1 | CU63: =D63 -> PKP
C64: 2 | D64: PKP | O64: =IF(AND(M64<>0,M64<>"m",M64<>"",RIGHT(K64,3)="Lec"),1,IF(AND(M64<>0,M64<>"m",M64<>"",OR(RIGHT(K64,3)="Lab",RIGHT(K64,3)="Tut")),0.5,IF(AND(M64<>0,M64<>"m",M64<>"",RIGHT(K64,2)="TL"),0.75,0))) -> 0 | CU64: =D64 -> PKP
C65: 3 | D65: PKP | O65: =IF(AND(M65<>0,M65<>"m",M65<>"",RIGHT(K65,3)="Lec"),1,IF(AND(M65<>0,M65<>"m",M65<>"",OR(RIGHT(K65,3)="Lab",RIGHT(K65,3)="Tut")),0.5,IF(AND(M65<>0,M65<>"m",M65<>"",RIGHT(K65,2)="TL"),0.75,0))) -> 0 | CU65: =D65 -> PKP
C66: 4 | D66: PKP | O66: =IF(AND(M66<>0,M66<>"m",M66<>"",RIGHT(K66,3)="Lec"),1,IF(AND(M66<>0,M66<>"m",M66<>"",OR(RIGHT(K66,3)="Lab",RIGHT(K66,3)="Tut")),0.5,IF(AND(M66<>0,M66<>"m",M66<>"",RIGHT(K66,2)="TL"),0.75,0))) -> 0 | CU66: =D66 -> PKP
C67: 5 | D67: PKP | O67: =IF(AND(M67<>0,M67<>"m",M67<>"",RIGHT(K67,3)="Lec"),1,IF(AND(M67<>0,M67<>"m",M67<>"",OR(RIGHT(K67,3)="Lab",RIGHT(K67,3)="Tut")),0.5,IF(AND(M67<>0,M67<>"m",M67<>"",RIGHT(K67,2)="TL"),0.75,0))) -> 0 | CU67: =D67 -> PKP
C68: 6 | D68: PKP | O68: =IF(AND(M68<>0,M68<>"m",M68<>"",RIGHT(K68,3)="Lec"),1,IF(AND(M68<>0,M68<>"m",M68<>"",OR(RIGHT(K68,3)="Lab",RIGHT(K68,3)="Tut")),0.5,IF(AND(M68<>0,M68<>"m",M68<>"",RIGHT(K68,2)="TL"),0.75,0))) -> 0 | CU68: =D68 -> PKP
C69: 7 | D69: PKP | O69: =IF(AND(M69>=20,M69<>"m",RIGHT(K69,3)="Lec"),1,IF(AND(M69>=20,M69<>"m",OR(RIGHT(K69,3)="Lab",RIGHT(K69,3)="Tut")),0.5,IF(AND(M69>=20,M69<>"m",RIGHT(K69,2)="TL"),0.75,0))) -> 0 | CU69: =D69 -> PKP
C70: 8 | D70: PKP | O70: =IF(AND(M70>=20,M70<>"m",RIGHT(K70,3)="Lec"),1,IF(AND(M70>=20,M70<>"m",OR(RIGHT(K70,3)="Lab",RIGHT(K70,3)="Tut")),0.5,IF(AND(M70>=20,M70<>"m",RIGHT(K70,2)="TL"),0.75,0))) -> 0 | CU70: =D70 -> PKP
C71: 9 | D71: PKP | O71: =IF(AND(M71>=20,M71<>"m",RIGHT(K71,3)="Lec"),1,IF(AND(M71>=20,M71<>"m",OR(RIGHT(K71,3)="Lab",RIGHT(K71,3)="Tut")),0.5,IF(AND(M71>=20,M71<>"m",RIGHT(K71,2)="TL"),0.75,0))) -> 0 | CU71: =D71 -> PKP
C72: 10 | D72: PKP | O72: =IF(AND(M72>=20,M72<>"m",RIGHT(K72,3)="Lec"),1,IF(AND(M72>=20,M72<>"m",OR(RIGHT(K72,3)="Lab",RIGHT(K72,3)="Tut")),0.5,IF(AND(M72>=20,M72<>"m",RIGHT(K72,2)="TL"),0.75,0))) -> 0 | CU72: =D72 -> PKP
C73: 11 | D73: PKP | O73: =IF(AND(M73<>0,M73<>"m",M73<>"",RIGHT(K73,3)="Lec"),1,IF(AND(M73<>0,M73<>"m",M73<>"",OR(RIGHT(K73,3)="Lab",RIGHT(K73,3)="Tut")),0.5,IF(AND(M73<>0,M73<>"m",M73<>"",RIGHT(K73,2)="TL"),0.75,0))) -> 0 | CU73: =D73 -> PKP
A74: 7 | B74: Dr.Prashant Sachaniya DOJ: 25/03/2023 MOB: 9998797202 | C74: 1 | D74: SDP | O74: =IF(AND(M74<>0,M74<>"m",M74<>"",RIGHT(K74,3)="Lec"),1,IF(AND(M74<>0,M74<>"m",M74<>"",OR(RIGHT(K74,3)="Lab",RIGHT(K74,3)="Tut")),0.5,IF(AND(M74<>0,M74<>"m",M74<>"",RIGHT(K74,2)="TL"),0.75,0))) -> 0 | P74: =COUNTIF(K74:K84,"TL")*0.75+COUNTIF(K74:K84,"Lec")*1+COUNTIF(K74:K84,"Lab")*0.5 -> 0 | Q74: =SUM((IF(LEFT(K74,1)="E",O74,0)),(IF(LEFT(K75,1)="E",O75,0)),(IF(LEFT(K76,1)="E",O76,0)),(IF(LEFT(K77,1)="E",O77,0)),(IF(LEFT(K78,1)="E",O78,0)),(IF(LEFT(K79,1)="E",O79,0)),(IF(LEFT(K80,1)="E",O80,0)),(IF(LEFT(K81,1)="E",O81,0)),(IF(LEFT(K82,1)="E",O82,0)),(IF(LEFT(K83,1)="E",O83,0)),(IF(LEFT(K84,1)="E",O84,0))) -> 0 | R74: =SUM(IF(M80<20,IF(K80="Plec",-1,IF(K80="PTL",-0.75,IF(K80="Plab",-0.5,0))),0),IF(M81<20,IF(K81="Plec",-1,IF(K81="PTL",-0.75,IF(K81="Plab",-0.5,0))),0),IF(M82<20,IF(K82="Plec",-1,IF(K82="PTL",-0.75,IF(K82="Plab",-0.5,0))),0),IF(M83<20,IF(K83="Plec",-1,IF(K83="PTL",-0.75,IF(K83="Plab",-0.5,0))),0)) -> 0 | S74: =SUM(P74:R84) -> 0 | T74: =SUM(IF(M74="M",IF(OR(K74="lec",K74="plec",K74="slec"),1,IF(OR(K74="lab",K74="plab",K74="slab",K74="tut",K74="ptut",K74="stut"),0.5,IF(OR(K74="TL",K74="pTL",K74="STL"),0.75,0))),0),IF(M75="M",IF(OR(K75="lec",K75="plec",K75="slec"),1,IF(OR(K75="lab",K75="plab",K75="slab",K75="tut",K75="ptut",K75="stut"),0.5,IF(OR(K75="TL",K75="pTL",K75="STL"),0.75,0))),0),IF(M76="M",IF(OR(K76="lec",K76="plec",K76="slec"),1,IF(OR(K76="lab",K76="plab",K76="slab",K76="tut",K76="ptut",K76="stut"),0.5,IF(OR(K76="TL",K76="pTL",K76="STL"),0.75,0))),0),IF(M77="M",IF(OR(K77="lec",K77="plec",K77="slec"),1,IF(OR(K77="lab",K77="plab",K77="slab",K77="tut",K77="ptut",K77="stut"),0.5,IF(OR(K77="TL",K77="pTL",K77="STL"),0.75,0))),0),IF(M78="M",IF(OR(K78="lec",K78="plec",K78="slec"),1,IF(OR(K78="lab",K78="plab",K78="slab",K78="tut",K78="ptut",K78="stut"),0.5,IF(OR(K78="TL",K78="pTL",K78="STL"),0.75,0))),0),IF(M79="M",IF(OR(K79="lec",K79="plec",K79="slec"),1,IF(OR(K79="lab",K79="plab",K79="slab",K79="tut",K79="ptut",K79="stut"),0.5,IF(OR(K79="TL",K79="pTL",K79="STL"),0.75,0))),0),IF(M80="M",IF(OR(K80="lec",K80="plec",K80="slec"),1,IF(OR(K80="lab",K80="plab",K80="slab",K80="tut",K80="ptut",K80="stut"),0.5,IF(OR(K80="TL",K80="pTL",K80="STL"),0.75,0))),0),IF(M81="M",IF(OR(K81="lec",K81="plec",K81="slec"),1,IF(OR(K81="lab",K81="plab",K81="slab",K81="tut",K81="ptut",K81="stut"),0.5,IF(OR(K81="TL",K81="pTL",K81="STL"),0.75,0))),0),IF(M82="M",IF(OR(K82="lec",K82="plec",K82="slec"),1,IF(OR(K82="lab",K82="plab",K82="slab",K82="tut",K82="ptut",K82="stut"),0.5,IF(OR(K82="TL",K82="pTL",K82="STL"),0.75,0))),0),IF(M83="M",IF(OR(K83="lec",K83="plec",K83="slec"),1,IF(OR(K83="lab",K83="plab",K83="slab",K83="tut",K83="ptut",K83="stut"),0.5,IF(OR(K83="TL",K83="pTL",K83="STL"),0.75,0))),0),IF(M84="M",IF(OR(K84="lec",K84="plec",K84="slec"),1,IF(OR(K84="lab",K84="plab",K84="slab",K84="tut",K84="ptut",K84="stut"),0.5,IF(OR(K84="TL",K84="pTL",K84="STL"),0.75,0))),0)) -> 0 | X74: =S74-(T74+U74+V74+W74) -> 0 | Y74: =CONCATENATE(SUM(O74:O84),"(",SUM(O74:O84)-X74,")") -> 0(0) | AP74: =SUM(SUM(O74:O84),SUM(AI74:AI84)/2,AM74) -> 0 | AR74: =AP74*AQ74 -> 0 | AS74: =CT74 -> 1 | AT74: =AR74*0.75+AS74*0.25 -> 0.25 | BA74: 1 | BB74: Morning | BC74: 12 | BD74: 205 | BE74: Assigned | BG74: 1 | CS74: =SUM(IF(AU74<0,ABS(AU74),0),IF(AZ74<0,ABS(AZ74),0),ABS(CI74),ABS(CK74),ABS(CM74),ABS(CO74),ABS(CQ74),ABS(CR74)) -> 0 | CT74: =SUM(AU74,AV74,AW74,AX74/400,AY74,AZ74,BG74,BH74*0.5,BI74*0.25,BJ74,BK74,BL74,BM74,BN74,BO74,BP74,BR74/20,BS74/100,BT74/60,BU74,BV74,BW74,BX74/4,SUM(BY74:CC84)/3,CE74,CG74/3,CI74,CK74,CM74,CO74,CQ74,CR74) -> 1 | CU74: =D74 -> SDP
C75: 2 | D75: SDP | O75: =IF(AND(M75<>0,M75<>"m",M75<>"",RIGHT(K75,3)="Lec"),1,IF(AND(M75<>0,M75<>"m",M75<>"",OR(RIGHT(K75,3)="Lab",RIGHT(K75,3)="Tut")),0.5,IF(AND(M75<>0,M75<>"m",M75<>"",RIGHT(K75,2)="TL"),0.75,0))) -> 0 | CU75: =D75 -> SDP
C76: 3 | D76: SDP | O76: =IF(AND(M76<>0,M76<>"m",M76<>"",RIGHT(K76,3)="Lec"),1,IF(AND(M76<>0,M76<>"m",M76<>"",OR(RIGHT(K76,3)="Lab",RIGHT(K76,3)="Tut")),0.5,IF(AND(M76<>0,M76<>"m",M76<>"",RIGHT(K76,2)="TL"),0.75,0))) -> 0 | CU76: =D76 -> SDP
C77: 4 | D77: SDP | O77: =IF(AND(M77<>0,M77<>"m",M77<>"",RIGHT(K77,3)="Lec"),1,IF(AND(M77<>0,M77<>"m",M77<>"",OR(RIGHT(K77,3)="Lab",RIGHT(K77,3)="Tut")),0.5,IF(AND(M77<>0,M77<>"m",M77<>"",RIGHT(K77,2)="TL"),0.75,0))) -> 0 | CU77: =D77 -> SDP
C78: 5 | D78: SDP | O78: =IF(AND(M78<>0,M78<>"m",M78<>"",RIGHT(K78,3)="Lec"),1,IF(AND(M78<>0,M78<>"m",M78<>"",OR(RIGHT(K78,3)="Lab",RIGHT(K78,3)="Tut")),0.5,IF(AND(M78<>0,M78<>"m",M78<>"",RIGHT(K78,2)="TL"),0.75,0))) -> 0 | CU78: =D78 -> SDP
C79: 6 | D79: SDP | O79: =IF(AND(M79<>0,M79<>"m",M79<>"",RIGHT(K79,3)="Lec"),1,IF(AND(M79<>0,M79<>"m",M79<>"",OR(RIGHT(K79,3)="Lab",RIGHT(K79,3)="Tut")),0.5,IF(AND(M79<>0,M79<>"m",M79<>"",RIGHT(K79,2)="TL"),0.75,0))) -> 0 | CU79: =D79 -> SDP
C80: 7 | D80: SDP | O80: =IF(AND(M80>=20,M80<>"m",RIGHT(K80,3)="Lec"),1,IF(AND(M80>=20,M80<>"m",OR(RIGHT(K80,3)="Lab",RIGHT(K80,3)="Tut")),0.5,IF(AND(M80>=20,M80<>"m",RIGHT(K80,2)="TL"),0.75,0))) -> 0 | CU80: =D80 -> SDP
C81: 8 | D81: SDP | O81: =IF(AND(M81>=20,M81<>"m",RIGHT(K81,3)="Lec"),1,IF(AND(M81>=20,M81<>"m",OR(RIGHT(K81,3)="Lab",RIGHT(K81,3)="Tut")),0.5,IF(AND(M81>=20,M81<>"m",RIGHT(K81,2)="TL"),0.75,0))) -> 0 | CU81: =D81 -> SDP
C82: 9 | D82: SDP | O82: =IF(AND(M82>=20,M82<>"m",RIGHT(K82,3)="Lec"),1,IF(AND(M82>=20,M82<>"m",OR(RIGHT(K82,3)="Lab",RIGHT(K82,3)="Tut")),0.5,IF(AND(M82>=20,M82<>"m",RIGHT(K82,2)="TL"),0.75,0))) -> 0 | CU82: =D82 -> SDP
C83: 10 | D83: SDP | O83: =IF(AND(M83>=20,M83<>"m",RIGHT(K83,3)="Lec"),1,IF(AND(M83>=20,M83<>"m",OR(RIGHT(K83,3)="Lab",RIGHT(K83,3)="Tut")),0.5,IF(AND(M83>=20,M83<>"m",RIGHT(K83,2)="TL"),0.75,0))) -> 0 | CU83: =D83 -> SDP
C84: 11 | D84: SDP | O84: =IF(AND(M84<>0,M84<>"m",M84<>"",RIGHT(K84,3)="Lec"),1,IF(AND(M84<>0,M84<>"m",M84<>"",OR(RIGHT(K84,3)="Lab",RIGHT(K84,3)="Tut")),0.5,IF(AND(M84<>0,M84<>"m",M84<>"",RIGHT(K84,2)="TL"),0.75,0))) -> 0 | CU84: =D84 -> SDP
A85: 8 | B85: Ms.Swati Patel DOJ: 04/07/2022 MOB: 9998168709 | C85: 1 | D85: SHP | O85: =IF(AND(M85<>0,M85<>"m",M85<>"",RIGHT(K85,3)="Lec"),1,IF(AND(M85<>0,M85<>"m",M85<>"",OR(RIGHT(K85,3)="Lab",RIGHT(K85,3)="Tut")),0.5,IF(AND(M85<>0,M85<>"m",M85<>"",RIGHT(K85,2)="TL"),0.75,0))) -> 0 | P85: =COUNTIF(K85:K95,"TL")*0.75+COUNTIF(K85:K95,"Lec")*1+COUNTIF(K85:K95,"Lab")*0.5 -> 0 | Q85: =SUM((IF(LEFT(K85,1)="E",O85,0)),(IF(LEFT(K86,1)="E",O86,0)),(IF(LEFT(K87,1)="E",O87,0)),(IF(LEFT(K88,1)="E",O88,0)),(IF(LEFT(K89,1)="E",O89,0)),(IF(LEFT(K90,1)="E",O90,0)),(IF(LEFT(K91,1)="E",O91,0)),(IF(LEFT(K92,1)="E",O92,0)),(IF(LEFT(K93,1)="E",O93,0)),(IF(LEFT(K94,1)="E",O94,0)),(IF(LEFT(K95,1)="E",O95,0))) -> 0 | R85: =SUM(IF(M91<20,IF(K91="Plec",-1,IF(K91="PTL",-0.75,IF(K91="Plab",-0.5,0))),0),IF(M92<20,IF(K92="Plec",-1,IF(K92="PTL",-0.75,IF(K92="Plab",-0.5,0))),0),IF(M93<20,IF(K93="Plec",-1,IF(K93="PTL",-0.75,IF(K93="Plab",-0.5,0))),0),IF(M94<20,IF(K94="Plec",-1,IF(K94="PTL",-0.75,IF(K94="Plab",-0.5,0))),0)) -> 0 | S85: =SUM(P85:R95) -> 0 | T85: =SUM(IF(M85="M",IF(OR(K85="lec",K85="plec",K85="slec"),1,IF(OR(K85="lab",K85="plab",K85="slab",K85="tut",K85="ptut",K85="stut"),0.5,IF(OR(K85="TL",K85="pTL",K85="STL"),0.75,0))),0),IF(M86="M",IF(OR(K86="lec",K86="plec",K86="slec"),1,IF(OR(K86="lab",K86="plab",K86="slab",K86="tut",K86="ptut",K86="stut"),0.5,IF(OR(K86="TL",K86="pTL",K86="STL"),0.75,0))),0),IF(M87="M",IF(OR(K87="lec",K87="plec",K87="slec"),1,IF(OR(K87="lab",K87="plab",K87="slab",K87="tut",K87="ptut",K87="stut"),0.5,IF(OR(K87="TL",K87="pTL",K87="STL"),0.75,0))),0),IF(M88="M",IF(OR(K88="lec",K88="plec",K88="slec"),1,IF(OR(K88="lab",K88="plab",K88="slab",K88="tut",K88="ptut",K88="stut"),0.5,IF(OR(K88="TL",K88="pTL",K88="STL"),0.75,0))),0),IF(M89="M",IF(OR(K89="lec",K89="plec",K89="slec"),1,IF(OR(K89="lab",K89="plab",K89="slab",K89="tut",K89="ptut",K89="stut"),0.5,IF(OR(K89="TL",K89="pTL",K89="STL"),0.75,0))),0),IF(M90="M",IF(OR(K90="lec",K90="plec",K90="slec"),1,IF(OR(K90="lab",K90="plab",K90="slab",K90="tut",K90="ptut",K90="stut"),0.5,IF(OR(K90="TL",K90="pTL",K90="STL"),0.75,0))),0),IF(M91="M",IF(OR(K91="lec",K91="plec",K91="slec"),1,IF(OR(K91="lab",K91="plab",K91="slab",K91="tut",K91="ptut",K91="stut"),0.5,IF(OR(K91="TL",K91="pTL",K91="STL"),0.75,0))),0),IF(M92="M",IF(OR(K92="lec",K92="plec",K92="slec"),1,IF(OR(K92="lab",K92="plab",K92="slab",K92="tut",K92="ptut",K92="stut"),0.5,IF(OR(K92="TL",K92="pTL",K92="STL"),0.75,0))),0),IF(M93="M",IF(OR(K93="lec",K93="plec",K93="slec"),1,IF(OR(K93="lab",K93="plab",K93="slab",K93="tut",K93="ptut",K93="stut"),0.5,IF(OR(K93="TL",K93="pTL",K93="STL"),0.75,0))),0),IF(M94="M",IF(OR(K94="lec",K94="plec",K94="slec"),1,IF(OR(K94="lab",K94="plab",K94="slab",K94="tut",K94="ptut",K94="stut"),0.5,IF(OR(K94="TL",K94="pTL",K94="STL"),0.75,0))),0),IF(M95="M",IF(OR(K95="lec",K95="plec",K95="slec"),1,IF(OR(K95="lab",K95="plab",K95="slab",K95="tut",K95="ptut",K95="stut"),0.5,IF(OR(K95="TL",K95="pTL",K95="STL"),0.75,0))),0)) -> 0 | X85: =S85-(T85+U85+V85+W85) -> 0 | Y85: =CONCATENATE(SUM(O85:O95),"(",SUM(O85:O95)-X85,")") -> 0(0) | AP85: =SUM(SUM(O85:O95),SUM(AI85:AI95)/2,AM85) -> 0 | AR85: =AP85*AQ85 -> 0 | AS85: =CT85 -> 1 | AT85: =AR85*0.75+AS85*0.25 -> 0.25 | BA85: 1 | BB85: MORNING | BC85: 5 | BD85: 107-3 | BE85: ASSIGNED | BG85: 1 | CS85: =SUM(IF(AU85<0,ABS(AU85),0),IF(AZ85<0,ABS(AZ85),0),ABS(CI85),ABS(CK85),ABS(CM85),ABS(CO85),ABS(CQ85),ABS(CR85)) -> 0 | CT85: =SUM(AU85,AV85,AW85,AX85/400,AY85,AZ85,BG85,BH85*0.5,BI85*0.25,BJ85,BK85,BL85,BM85,BN85,BO85,BP85,BR85/20,BS85/100,BT85/60,BU85,BV85,BW85,BX85/4,SUM(BY85:CC95)/3,CE85,CG85/3,CI85,CK85,CM85,CO85,CQ85,CR85) -> 1 | CU85: =D85 -> SHP
C86: 2 | D86: SHP | O86: =IF(AND(M86<>0,M86<>"m",M86<>"",RIGHT(K86,3)="Lec"),1,IF(AND(M86<>0,M86<>"m",M86<>"",OR(RIGHT(K86,3)="Lab",RIGHT(K86,3)="Tut")),0.5,IF(AND(M86<>0,M86<>"m",M86<>"",RIGHT(K86,2)="TL"),0.75,0))) -> 0 | CU86: =D86 -> SHP
C87: 3 | D87: SHP | O87: =IF(AND(M87<>0,M87<>"m",M87<>"",RIGHT(K87,3)="Lec"),1,IF(AND(M87<>0,M87<>"m",M87<>"",OR(RIGHT(K87,3)="Lab",RIGHT(K87,3)="Tut")),0.5,IF(AND(M87<>0,M87<>"m",M87<>"",RIGHT(K87,2)="TL"),0.75,0))) -> 0 | CU87: =D87 -> SHP
C88: 4 | D88: SHP | O88: =IF(AND(M88<>0,M88<>"m",M88<>"",RIGHT(K88,3)="Lec"),1,IF(AND(M88<>0,M88<>"m",M88<>"",OR(RIGHT(K88,3)="Lab",RIGHT(K88,3)="Tut")),0.5,IF(AND(M88<>0,M88<>"m",M88<>"",RIGHT(K88,2)="TL"),0.75,0))) -> 0 | CU88: =D88 -> SHP
C89: 5 | D89: SHP | O89: =IF(AND(M89<>0,M89<>"m",M89<>"",RIGHT(K89,3)="Lec"),1,IF(AND(M89<>0,M89<>"m",M89<>"",OR(RIGHT(K89,3)="Lab",RIGHT(K89,3)="Tut")),0.5,IF(AND(M89<>0,M89<>"m",M89<>"",RIGHT(K89,2)="TL"),0.75,0))) -> 0 | CU89: =D89 -> SHP
C90: 6 | D90: SHP | O90: =IF(AND(M90<>0,M90<>"m",M90<>"",RIGHT(K90,3)="Lec"),1,IF(AND(M90<>0,M90<>"m",M90<>"",OR(RIGHT(K90,3)="Lab",RIGHT(K90,3)="Tut")),0.5,IF(AND(M90<>0,M90<>"m",M90<>"",RIGHT(K90,2)="TL"),0.75,0))) -> 0 | CU90: =D90 -> SHP
C91: 7 | D91: SHP | O91: =IF(AND(M91>=20,M91<>"m",RIGHT(K91,3)="Lec"),1,IF(AND(M91>=20,M91<>"m",OR(RIGHT(K91,3)="Lab",RIGHT(K91,3)="Tut")),0.5,IF(AND(M91>=20,M91<>"m",RIGHT(K91,2)="TL"),0.75,0))) -> 0 | CU91: =D91 -> SHP
C92: 8 | D92: SHP | O92: =IF(AND(M92>=20,M92<>"m",RIGHT(K92,3)="Lec"),1,IF(AND(M92>=20,M92<>"m",OR(RIGHT(K92,3)="Lab",RIGHT(K92,3)="Tut")),0.5,IF(AND(M92>=20,M92<>"m",RIGHT(K92,2)="TL"),0.75,0))) -> 0 | CU92: =D92 -> SHP
C93: 9 | D93: SHP | O93: =IF(AND(M93>=20,M93<>"m",RIGHT(K93,3)="Lec"),1,IF(AND(M93>=20,M93<>"m",OR(RIGHT(K93,3)="Lab",RIGHT(K93,3)="Tut")),0.5,IF(AND(M93>=20,M93<>"m",RIGHT(K93,2)="TL"),0.75,0))) -> 0 | CU93: =D93 -> SHP
C94: 10 | D94: SHP | O94: =IF(AND(M94>=20,M94<>"m",RIGHT(K94,3)="Lec"),1,IF(AND(M94>=20,M94<>"m",OR(RIGHT(K94,3)="Lab",RIGHT(K94,3)="Tut")),0.5,IF(AND(M94>=20,M94<>"m",RIGHT(K94,2)="TL"),0.75,0))) -> 0 | CU94: =D94 -> SHP
C95: 11 | D95: SHP | O95: =IF(AND(M95<>0,M95<>"m",M95<>"",RIGHT(K95,3)="Lec"),1,IF(AND(M95<>0,M95<>"m",M95<>"",OR(RIGHT(K95,3)="Lab",RIGHT(K95,3)="Tut")),0.5,IF(AND(M95<>0,M95<>"m",M95<>"",RIGHT(K95,2)="TL"),0.75,0))) -> 0 | CU95: =D95 -> SHP
A96: 9 | B96: Ms. .Zalak Prajapti DOJ: 15/07/2022 MOB: 9408931415 | C96: 1 | D96: ZMP | O96: =IF(AND(M96<>0,M96<>"m",M96<>"",RIGHT(K96,3)="Lec"),1,IF(AND(M96<>0,M96<>"m",M96<>"",OR(RIGHT(K96,3)="Lab",RIGHT(K96,3)="Tut")),0.5,IF(AND(M96<>0,M96<>"m",M96<>"",RIGHT(K96,2)="TL"),0.75,0))) -> 0 | P96: =COUNTIF(K96:K106,"TL")*0.75+COUNTIF(K96:K106,"Lec")*1+COUNTIF(K96:K106,"Lab")*0.5 -> 0 | Q96: =SUM((IF(LEFT(K96,1)="E",O96,0)),(IF(LEFT(K97,1)="E",O97,0)),(IF(LEFT(K98,1)="E",O98,0)),(IF(LEFT(K99,1)="E",O99,0)),(IF(LEFT(K100,1)="E",O100,0)),(IF(LEFT(K101,1)="E",O101,0)),(IF(LEFT(K102,1)="E",O102,0)),(IF(LEFT(K103,1)="E",O103,0)),(IF(LEFT(K104,1)="E",O104,0)),(IF(LEFT(K105,1)="E",O105,0)),(IF(LEFT(K106,1)="E",O106,0))) -> 0 | R96: =SUM(IF(M102<20,IF(K102="Plec",-1,IF(K102="PTL",-0.75,IF(K102="Plab",-0.5,0))),0),IF(M103<20,IF(K103="Plec",-1,IF(K103="PTL",-0.75,IF(K103="Plab",-0.5,0))),0),IF(M104<20,IF(K104="Plec",-1,IF(K104="PTL",-0.75,IF(K104="Plab",-0.5,0))),0),IF(M105<20,IF(K105="Plec",-1,IF(K105="PTL",-0.75,IF(K105="Plab",-0.5,0))),0)) -> 0 | S96: =SUM(P96:R106) -> 0 | T96: =SUM(IF(M96="M",IF(OR(K96="lec",K96="plec",K96="slec"),1,IF(OR(K96="lab",K96="plab",K96="slab",K96="tut",K96="ptut",K96="stut"),0.5,IF(OR(K96="TL",K96="pTL",K96="STL"),0.75,0))),0),IF(M97="M",IF(OR(K97="lec",K97="plec",K97="slec"),1,IF(OR(K97="lab",K97="plab",K97="slab",K97="tut",K97="ptut",K97="stut"),0.5,IF(OR(K97="TL",K97="pTL",K97="STL"),0.75,0))),0),IF(M98="M",IF(OR(K98="lec",K98="plec",K98="slec"),1,IF(OR(K98="lab",K98="plab",K98="slab",K98="tut",K98="ptut",K98="stut"),0.5,IF(OR(K98="TL",K98="pTL",K98="STL"),0.75,0))),0),IF(M99="M",IF(OR(K99="lec",K99="plec",K99="slec"),1,IF(OR(K99="lab",K99="plab",K99="slab",K99="tut",K99="ptut",K99="stut"),0.5,IF(OR(K99="TL",K99="pTL",K99="STL"),0.75,0))),0),IF(M100="M",IF(OR(K100="lec",K100="plec",K100="slec"),1,IF(OR(K100="lab",K100="plab",K100="slab",K100="tut",K100="ptut",K100="stut"),0.5,IF(OR(K100="TL",K100="pTL",K100="STL"),0.75,0))),0),IF(M101="M",IF(OR(K101="lec",K101="plec",K101="slec"),1,IF(OR(K101="lab",K101="plab",K101="slab",K101="tut",K101="ptut",K101="stut"),0.5,IF(OR(K101="TL",K101="pTL",K101="STL"),0.75,0))),0),IF(M102="M",IF(OR(K102="lec",K102="plec",K102="slec"),1,IF(OR(K102="lab",K102="plab",K102="slab",K102="tut",K102="ptut",K102="stut"),0.5,IF(OR(K102="TL",K102="pTL",K102="STL"),0.75,0))),0),IF(M103="M",IF(OR(K103="lec",K103="plec",K103="slec"),1,IF(OR(K103="lab",K103="plab",K103="slab",K103="tut",K103="ptut",K103="stut"),0.5,IF(OR(K103="TL",K103="pTL",K103="STL"),0.75,0))),0),IF(M104="M",IF(OR(K104="lec",K104="plec",K104="slec"),1,IF(OR(K104="lab",K104="plab",K104="slab",K104="tut",K104="ptut",K104="stut"),0.5,IF(OR(K104="TL",K104="pTL",K104="STL"),0.75,0))),0),IF(M105="M",IF(OR(K105="lec",K105="plec",K105="slec"),1,IF(OR(K105="lab",K105="plab",K105="slab",K105="tut",K105="ptut",K105="stut"),0.5,IF(OR(K105="TL",K105="pTL",K105="STL"),0.75,0))),0),IF(M106="M",IF(OR(K106="lec",K106="plec",K106="slec"),1,IF(OR(K106="lab",K106="plab",K106="slab",K106="tut",K106="ptut",K106="stut"),0.5,IF(OR(K106="TL",K106="pTL",K106="STL"),0.75,0))),0)) -> 0 | X96: =S96-(T96+U96+V96+W96) -> 0 | Y96: =CONCATENATE(SUM(O96:O106),"(",SUM(O96:O106)-X96,")") -> 0(0) | AP96: =SUM(SUM(O96:O106),SUM(AI96:AI106)/2,AM96) -> 0 | AR96: =AP96*AQ96 -> 0 | AS96: =CT96 -> 1 | AT96: =AR96*0.75+AS96*0.25 -> 0.25 | BA96: 1 | BB96: Morning | BC96: 9 | BD96: 209-B | BE96: Assigned | BG96: 1 | CH96: 1 | CI96: 0 | CS96: =SUM(IF(AU96<0,ABS(AU96),0),IF(AZ96<0,ABS(AZ96),0),ABS(CI96),ABS(CK96),ABS(CM96),ABS(CO96),ABS(CQ96),ABS(CR96)) -> 0 | CT96: =SUM(AU96,AV96,AW96,AX96/400,AY96,AZ96,BG96,BH96*0.5,BI96*0.25,BJ96,BK96,BL96,BM96,BN96,BO96,BP96,BR96/20,BS96/100,BT96/60,BU96,BV96,BW96,BX96/4,SUM(BY96:CC106)/3,CE96,CG96/3,CI96,CK96,CM96,CO96,CQ96,CR96) -> 1 | CU96: =D96 -> ZMP
C97: 2 | D97: ZMP | O97: =IF(AND(M97<>0,M97<>"m",M97<>"",RIGHT(K97,3)="Lec"),1,IF(AND(M97<>0,M97<>"m",M97<>"",OR(RIGHT(K97,3)="Lab",RIGHT(K97,3)="Tut")),0.5,IF(AND(M97<>0,M97<>"m",M97<>"",RIGHT(K97,2)="TL"),0.75,0))) -> 0 | CU97: =D97 -> ZMP
C98: 3 | D98: ZMP | O98: =IF(AND(M98<>0,M98<>"m",M98<>"",RIGHT(K98,3)="Lec"),1,IF(AND(M98<>0,M98<>"m",M98<>"",OR(RIGHT(K98,3)="Lab",RIGHT(K98,3)="Tut")),0.5,IF(AND(M98<>0,M98<>"m",M98<>"",RIGHT(K98,2)="TL"),0.75,0))) -> 0 | CU98: =D98 -> ZMP
C99: 4 | D99: ZMP | O99: =IF(AND(M99<>0,M99<>"m",M99<>"",RIGHT(K99,3)="Lec"),1,IF(AND(M99<>0,M99<>"m",M99<>"",OR(RIGHT(K99,3)="Lab",RIGHT(K99,3)="Tut")),0.5,IF(AND(M99<>0,M99<>"m",M99<>"",RIGHT(K99,2)="TL"),0.75,0))) -> 0 | CU99: =D99 -> ZMP
C100: 5 | D100: ZMP | O100: =IF(AND(M100<>0,M100<>"m",M100<>"",RIGHT(K100,3)="Lec"),1,IF(AND(M100<>0,M100<>"m",M100<>"",OR(RIGHT(K100,3)="Lab",RIGHT(K100,3)="Tut")),0.5,IF(AND(M100<>0,M100<>"m",M100<>"",RIGHT(K100,2)="TL"),0.75,0))) -> 0 | CU100: =D100 -> ZMP
C101: 6 | D101: ZMP | O101: =IF(AND(M101<>0,M101<>"m",M101<>"",RIGHT(K101,3)="Lec"),1,IF(AND(M101<>0,M101<>"m",M101<>"",OR(RIGHT(K101,3)="Lab",RIGHT(K101,3)="Tut")),0.5,IF(AND(M101<>0,M101<>"m",M101<>"",RIGHT(K101,2)="TL"),0.75,0))) -> 0 | CU101: =D101 -> ZMP
...

Sheet 24 Oct Thurs
A1: =CONCATENATE("DAILY REPORT DATE : ",MID(CELL("filename",A1),FIND("]",CELL("filename",A1),1)+1,255)) -> #VALUE! | AU1: =A1 -> #VALUE!
A3: COLLEGE NAME : L.J. INSTITUTE OF ENGINEERING AND TECHNOLOGY DEPARTMENT NAME : SY4(CST CS&IT) YEAR : 2024-25 SEMESTER : III | AU3: =A3 -> COLLEGE NAME : L.J. INSTITUTE OF ENGINEERING AND TECHNOLOGY DEPARTMENT NAME : SY4(CST CS&IT) YEAR : 2024-25 SEMESTER : III
A4: TEACHING SECTION | AU4: NON TEACHING SECTION | CH4: HOD SECTION
A5: LECTURE DETAILS | AA5: Difficulty solving or if attendance is less than 5 /Whatsapp Doubt Solving in official group / Students details whose Home Visit was done / PTM (Roll No,Name, Contact No.) (H) | AJ5: Project / Dissertation/Design Engineering Load (Enter only if Answer is given by Guide of the technical query) | AP5: Total Teaching Credits (A) | AQ5: Teaching Feedback (B) | AR5: Effective Teaching Credit C= A * B | AS5: NT Total Credits (D) Refer from NT Section | AT5: Final Teaching + Non Teaching Credit E =C*0.75+D*0.25 | AU5: Once in a Semester | AY5: Load Adjustment Done | AZ5: AttendanceSubmission.If Not submitted | BA5: Examination | BP5: PARENTS INTERACTION | BV5: SIF Credit | BX5: Extra Activity
A6: Sr No | B6: Name-DOJ-Mobile No. | C6: Lec. No | D6: Faculty Initials | E6: Lecture Details | M6: No. of Students Present | N6: Total Students | O6: Effective Load | P6: Today's Eff.Load Alloted as per TT | Q6: Extra Load | R6: Merged Load (If student in proxy batch < 20, mention (-1) for 2 hrs Lab or (-1.5) for 2 hrs TL | S6: Overall Today's Effective Load | T6: Today's Eff. Mass bunk | U6: Today's Eff.load cancel bcz of Holiday | V6: Today's Eff load cancel bcz of Specific reason | W6: Today's Eff load cancel bcz no adjustment was possible | X6: Today's Total Eff Load Expected from Faculty | Y6: Today's Eff.Load Taken | Z6: Comment for dummy column name C,D,E (Holiday, or load cacnelled details) | AU6: Submission of Subject Folder (LP, QB,MSE Syllabus, Ques Paper etc) Enter Credit=0 if done on time, Else (-1) daily until submitted | AV6: Timetable Preparation Credit as per GI | AW6: No.of Project/Dissertation Groups handled (To be entered at the end of semester) | AX6: No.of Marks Entry in GTU Portal | BA6: Supervision during College Exam | BJ6: Paper Setting | BK6: Paper Solution | BL6: Paper Evaluation | BO6: Paper Showing | BP6: Home Visit Credit & Enter details in (H-Teaching Section) (Credit =1 - Meeting with Mother Credit = 1.5 - Meeting with Father) | BQ6: No. of Phone Calls and entered in SIF | BT6: No. of SMS done | BU6: Personal Discussion with parents in Institute (0.25 credit per student) | BV6: Enter Credit for Personal Information in Page 1 and Page 2 | BW6: Enter credit for any entry work done in SIF | BX6: Extra Activity in hours as per General Instructions. | CF6: Not Defined as per General Instruction (Enter in terms of Hrs) | CH6: Leave Status | CJ6: Error in Work done | CL6: Delay in Work Done | CN6: Any other HOD Comment | CP6: Description of Work refused by faculty or done after doing arguments with HOD | CQ6: Enter credit if Faculty Refusd to do work given by HOD. Credit = (-5) | CR6: Enter credit if Faculty does work after doing arguments with HOD. Credit = (-2) | CS6: HOD Positive Credit and Faculty Negative Credit | CT6: Total NT Credits
E7: Course (UG/PG) | F7: Dept | G7: SEM (Only Roman Number) | H7: Div | I7: Batch | J7: Sub. | K7: Lec/ Lab/Tut/ELec/ELab/ETut/PLec/Plab/PTut/SLec/SLab/Stut/TL/ETL/STL/PTL | L7: Faculty Initials for Proxy Lecture Only a) Faculty who was given the proxy b) Faculty whose proxy was taken | O7: G | P7: A1 | Q7: A2 | R7: A3 | S7: A=A1+A2+A3 | T7: B | U7: C | V7: D | W7: E | X7: F= A-B-C-D-E | Y7: G(G-F) | AA7: Enter Purpose Short Form DS - Difficulty Solving HV - Home Visit WA - Whatsapp AL5 - Attendance Less than 5 PTM - Parents Teacher Meeting at Institute | AB7: Sem | AC7: Div | AD7: Roll No | AE7: Name | AF7: Mobile | AG7: No.of Students Present | AH7: Time (Only for difficulty solving) | AI7: Total No.of Hours (Only for difficulty solving) | AJ7: Group Code (Format : UG/PG_Branch_SEMNo_GroupNo Ex : UG_ME_SEM4_8) | AK7: Technical Question asked by student | AL7: Date & Time (Start time : End Time) | AM7: Duration in hours | AN7: Name of the Student who asked the question | AO7: Mobile No of the student | AY7: (Credit 0.1 for 1 effective hour of load adjustment done) | AZ7: Enter (-1) upto each day of delay else 0 if submitted on time | BA7: Today's No of Assign Supervision | BB7: Session (Morning / Afternoon) | BC7: Block No | BD7: Room No | BE7: Assigned /Proxy / Swap | BF7: Faculty Short Name whose Proxy is taken / with whom Swapping is done | BG7: Today's taken Supervision (MSE) | BH7: Today's taken Supervision (REM) | BI7: Today's No of blocks handle by MSE exam coordinator | BJ7: Credit (MSE I,II =0.5*no of papers, REM =0.25*no of papers) | BK7: Credit 1 for preparing 50% solution with detailing) Enter credit | BL7: Enter Credit of MSE Paper Evaluated Section A and B both (1 credit =15 papers) | BM7: Enter Credit of MSE Paper Evaluated-Any one Section A or B (1 credit =30 papers) | BN7: Enter Credit of Rem Paper Evaluated (1 credit =30 papers) | BO7: No. of Class | BQ7: Phone Call Description | BR7: Received Phone Call | BS7: Not Received Phone Call | BX7: Sports | BY7: Cultural | BZ7: GTU Related Work Only for GTU Coordinators | CA7: COE | CB7: Techventure | CC7: Any Technical Events | CD7: Any Other Activity Description | CE7: Total Credit | CF7: Activity Description | CG7: Total hr | CH7: Leave Taken | CI7: Leave Credit (Enter Negative Value) | CJ7: Description of Error done | CK7: Error Credit (Enter only Negative Value of Credit) | CL7: Description of Delay done | CM7: No. of Days of late submission (Enter only Negative Value of Credit) | CN7: Description | CO7: Credit ( Enter Negative value if comment for negative credit)
A8: 1 | B8: Ms. Sneha Shah DOJ: 9/7/2012 MOB: 9067822170 | C8: 1 | D8: STS | O8: =IF(AND(M8<>0,M8<>"m",M8<>"",RIGHT(K8,3)="Lec"),1,IF(AND(M8<>0,M8<>"m",M8<>"",OR(RIGHT(K8,3)="Lab",RIGHT(K8,3)="Tut")),0.5,IF(AND(M8<>0,M8<>"m",M8<>"",RIGHT(K8,2)="TL"),0.75,0))) -> 0 | P8: =COUNTIF(K8:K18,"TL")*0.75+COUNTIF(K8:K18,"Lec")*1+COUNTIF(K8:K18,"Lab")*0.5 -> 0 | Q8: =SUM((IF(LEFT(K8,1)="E",O8,0)),(IF(LEFT(K9,1)="E",O9,0)),(IF(LEFT(K10,1)="E",O10,0)),(IF(LEFT(K11,1)="E",O11,0)),(IF(LEFT(K12,1)="E",O12,0)),(IF(LEFT(K13,1)="E",O13,0)),(IF(LEFT(K14,1)="E",O14,0)),(IF(LEFT(K15,1)="E",O15,0)),(IF(LEFT(K16,1)="E",O16,0)),(IF(LEFT(K17,1)="E",O17,0)),(IF(LEFT(K18,1)="E",O18,0))) -> 0 | R8: =SUM(IF(M14<20,IF(K14="Plec",-1,IF(K14="PTL",-0.75,IF(K14="Plab",-0.5,0))),0),IF(M15<20,IF(K15="Plec",-1,IF(K15="PTL",-0.75,IF(K15="Plab",-0.5,0))),0),IF(M16<20,IF(K16="Plec",-1,IF(K16="PTL",-0.75,IF(K16="Plab",-0.5,0))),0),IF(M17<20,IF(K17="Plec",-1,IF(K17="PTL",-0.75,IF(K17="Plab",-0.5,0))),0)) -> 0 | S8: =SUM(P8:R18) -> 0 | T8: =SUM(IF(M8="M",IF(OR(K8="lec",K8="plec",K8="slec"),1,IF(OR(K8="lab",K8="plab",K8="slab",K8="tut",K8="ptut",K8="stut"),0.5,IF(OR(K8="TL",K8="pTL",K8="STL"),0.75,0))),0),IF(M9="M",IF(OR(K9="lec",K9="plec",K9="slec"),1,IF(OR(K9="lab",K9="plab",K9="slab",K9="tut",K9="ptut",K9="stut"),0.5,IF(OR(K9="TL",K9="pTL",K9="STL"),0.75,0))),0),IF(M10="M",IF(OR(K10="lec",K10="plec",K10="slec"),1,IF(OR(K10="lab",K10="plab",K10="slab",K10="tut",K10="ptut",K10="stut"),0.5,IF(OR(K10="TL",K10="pTL",K10="STL"),0.75,0))),0),IF(M11="M",IF(OR(K11="lec",K11="plec",K11="slec"),1,IF(OR(K11="lab",K11="plab",K11="slab",K11="tut",K11="ptut",K11="stut"),0.5,IF(OR(K11="TL",K11="pTL",K11="STL"),0.75,0))),0),IF(M12="M",IF(OR(K12="lec",K12="plec",K12="slec"),1,IF(OR(K12="lab",K12="plab",K12="slab",K12="tut",K12="ptut",K12="stut"),0.5,IF(OR(K12="TL",K12="pTL",K12="STL"),0.75,0))),0),IF(M13="M",IF(OR(K13="lec",K13="plec",K13="slec"),1,IF(OR(K13="lab",K13="plab",K13="slab",K13="tut",K13="ptut",K13="stut"),0.5,IF(OR(K13="TL",K13="pTL",K13="STL"),0.75,0))),0),IF(M14="M",IF(OR(K14="lec",K14="plec",K14="slec"),1,IF(OR(K14="lab",K14="plab",K14="slab",K14="tut",K14="ptut",K14="stut"),0.5,IF(OR(K14="TL",K14="pTL",K14="STL"),0.75,0))),0),IF(M15="M",IF(OR(K15="lec",K15="plec",K15="slec"),1,IF(OR(K15="lab",K15="plab",K15="slab",K15="tut",K15="ptut",K15="stut"),0.5,IF(OR(K15="TL",K15="pTL",K15="STL"),0.75,0))),0),IF(M16="M",IF(OR(K16="lec",K16="plec",K16="slec"),1,IF(OR(K16="lab",K16="plab",K16="slab",K16="tut",K16="ptut",K16="stut"),0.5,IF(OR(K16="TL",K16="pTL",K16="STL"),0.75,0))),0),IF(M17="M",IF(OR(K17="lec",K17="plec",K17="slec"),1,IF(OR(K17="lab",K17="plab",K17="slab",K17="tut",K17="ptut",K17="stut"),0.5,IF(OR(K17="TL",K17="pTL",K17="STL"),0.75,0))),0),IF(M18="M",IF(OR(K18="lec",K18="plec",K18="slec"),1,IF(OR(K18="lab",K18="plab",K18="slab",K18="tut",K18="ptut",K18="stut"),0.5,IF(OR(K18="TL",K18="pTL",K18="STL"),0.75,0))),0)) -> 0 | X8: =S8-(T8+U8+V8+W8) -> 0 | Y8: =CONCATENATE(SUM(O8:O18),"(",SUM(O8:O18)-X8,")") -> 0(0) | AP8: =SUM(SUM(O8:O18),SUM(AI8:AI18)/2,AM8) -> 0 | AR8: =AP8*AQ8 -> 0 | AS8: =CT8 -> 0 | AT8: =AR8*0.75+AS8*0.25 -> 0 | CS8: =SUM(CS19:CS305) -> 0 | CT8: =SUM(AU8,AV8,AW8,AX8/400,AY8,AZ8,BG8,BH8*0.5,BI8*0.25,BJ8,BK8,BL8,BM8,BN8,BO8,BP8,BR8/20,BS8/100,BT8/60,BU8,BV8,BW8,BX8/4,SUM(BY8:CC18)/3,CE8,CG8/3,CI8,CK8,CM8,CO8,CQ8,CR8) -> 0 | CU8: =D8 -> STS
C9: 2 | D9: STS | O9: =IF(AND(M9<>0,M9<>"m",M9<>"",RIGHT(K9,3)="Lec"),1,IF(AND(M9<>0,M9<>"m",M9<>"",OR(RIGHT(K9,3)="Lab",RIGHT(K9,3)="Tut")),0.5,IF(AND(M9<>0,M9<>"m",M9<>"",RIGHT(K9,2)="TL"),0.75,0))) -> 0 | CU9: =D9 -> STS
C10: 3 | D10: STS | O10: =IF(AND(M10<>0,M10<>"m",M10<>"",RIGHT(K10,3)="Lec"),1,IF(AND(M10<>0,M10<>"m",M10<>"",OR(RIGHT(K10,3)="Lab",RIGHT(K10,3)="Tut")),0.5,IF(AND(M10<>0,M10<>"m",M10<>"",RIGHT(K10,2)="TL"),0.75,0))) -> 0 | CU10: =D10 -> STS
C11: 4 | D11: STS | O11: =IF(AND(M11<>0,M11<>"m",M11<>"",RIGHT(K11,3)="Lec"),1,IF(AND(M11<>0,M11<>"m",M11<>"",OR(RIGHT(K11,3)="Lab",RIGHT(K11,3)="Tut")),0.5,IF(AND(M11<>0,M11<>"m",M11<>"",RIGHT(K11,2)="TL"),0.75,0))) -> 0 | CU11: =D11 -> STS
C12: 5 | D12: STS | O12: =IF(AND(M12<>0,M12<>"m",M12<>"",RIGHT(K12,3)="Lec"),1,IF(AND(M12<>0,M12<>"m",M12<>"",OR(RIGHT(K12,3)="Lab",RIGHT(K12,3)="Tut")),0.5,IF(AND(M12<>0,M12<>"m",M12<>"",RIGHT(K12,2)="TL"),0.75,0))) -> 0 | CU12: =D12 -> STS
C13: 6 | D13: STS | O13: =IF(AND(M13<>0,M13<>"m",M13<>"",RIGHT(K13,3)="Lec"),1,IF(AND(M13<>0,M13<>"m",M13<>"",OR(RIGHT(K13,3)="Lab",RIGHT(K13,3)="Tut")),0.5,IF(AND(M13<>0,M13<>"m",M13<>"",RIGHT(K13,2)="TL"),0.75,0))) -> 0 | CU13: =D13 -> STS
C14: 7 | D14: STS | O14: =IF(AND(M14>=20,M14<>"m",RIGHT(K14,3)="Lec"),1,IF(AND(M14>=20,M14<>"m",OR(RIGHT(K14,3)="Lab",RIGHT(K14,3)="Tut")),0.5,IF(AND(M14>=20,M14<>"m",RIGHT(K14,2)="TL"),0.75,0))) -> 0 | CU14: =D14 -> STS
C15: 8 | D15: STS | O15: =IF(AND(M15>=20,M15<>"m",RIGHT(K15,3)="Lec"),1,IF(AND(M15>=20,M15<>"m",OR(RIGHT(K15,3)="Lab",RIGHT(K15,3)="Tut")),0.5,IF(AND(M15>=20,M15<>"m",RIGHT(K15,2)="TL"),0.75,0))) -> 0 | CU15: =D15 -> STS
C16: 9 | D16: STS | O16: =IF(AND(M16>=20,M16<>"m",RIGHT(K16,3)="Lec"),1,IF(AND(M16>=20,M16<>"m",OR(RIGHT(K16,3)="Lab",RIGHT(K16,3)="Tut")),0.5,IF(AND(M16>=20,M16<>"m",RIGHT(K16,2)="TL"),0.75,0))) -> 0 | CU16: =D16 -> STS
C17: 10 | D17: STS | O17: =IF(AND(M17>=20,M17<>"m",RIGHT(K17,3)="Lec"),1,IF(AND(M17>=20,M17<>"m",OR(RIGHT(K17,3)="Lab",RIGHT(K17,3)="Tut")),0.5,IF(AND(M17>=20,M17<>"m",RIGHT(K17,2)="TL"),0.75,0))) -> 0 | CU17: =D17 -> STS
C18: 11 | D18: STS | O18: =IF(AND(M18<>0,M18<>"m",M18<>"",RIGHT(K18,3)="Lec"),1,IF(AND(M18<>0,M18<>"m",M18<>"",OR(RIGHT(K18,3)="Lab",RIGHT(K18,3)="Tut")),0.5,IF(AND(M18<>0,M18<>"m",M18<>"",RIGHT(K18,2)="TL"),0.75,0))) -> 0 | CU18: =D18 -> STS
A19: 2 | B19: Mr.Darshan Bhatt DOJ: 20/07/2022 MOB: 7227888101 | C19: 1 | D19: DVB | O19: =IF(AND(M19<>0,M19<>"m",M19<>"",RIGHT(K19,3)="Lec"),1,IF(AND(M19<>0,M19<>"m",M19<>"",OR(RIGHT(K19,3)="Lab",RIGHT(K19,3)="Tut")),0.5,IF(AND(M19<>0,M19<>"m",M19<>"",RIGHT(K19,2)="TL"),0.75,0))) -> 0 | P19: =COUNTIF(K19:K29,"TL")*0.75+COUNTIF(K19:K29,"Lec")*1+COUNTIF(K19:K29,"Lab")*0.5 -> 0 | Q19: =SUM((IF(LEFT(K19,1)="E",O19,0)),(IF(LEFT(K20,1)="E",O20,0)),(IF(LEFT(K21,1)="E",O21,0)),(IF(LEFT(K22,1)="E",O22,0)),(IF(LEFT(K23,1)="E",O23,0)),(IF(LEFT(K24,1)="E",O24,0)),(IF(LEFT(K25,1)="E",O25,0)),(IF(LEFT(K26,1)="E",O26,0)),(IF(LEFT(K27,1)="E",O27,0)),(IF(LEFT(K28,1)="E",O28,0)),(IF(LEFT(K29,1)="E",O29,0))) -> 0 | R19: =SUM(IF(M25<20,IF(K25="Plec",-1,IF(K25="PTL",-0.75,IF(K25="Plab",-0.5,0))),0),IF(M26<20,IF(K26="Plec",-1,IF(K26="PTL",-0.75,IF(K26="Plab",-0.5,0))),0),IF(M27<20,IF(K27="Plec",-1,IF(K27="PTL",-0.75,IF(K27="Plab",-0.5,0))),0),IF(M28<20,IF(K28="Plec",-1,IF(K28="PTL",-0.75,IF(K28="Plab",-0.5,0))),0)) -> 0 | S19: =SUM(P19:R29) -> 0 | T19: =SUM(IF(M19="M",IF(OR(K19="lec",K19="plec",K19="slec"),1,IF(OR(K19="lab",K19="plab",K19="slab",K19="tut",K19="ptut",K19="stut"),0.5,IF(OR(K19="TL",K19="pTL",K19="STL"),0.75,0))),0),IF(M20="M",IF(OR(K20="lec",K20="plec",K20="slec"),1,IF(OR(K20="lab",K20="plab",K20="slab",K20="tut",K20="ptut",K20="stut"),0.5,IF(OR(K20="TL",K20="pTL",K20="STL"),0.75,0))),0),IF(M21="M",IF(OR(K21="lec",K21="plec",K21="slec"),1,IF(OR(K21="lab",K21="plab",K21="slab",K21="tut",K21="ptut",K21="stut"),0.5,IF(OR(K21="TL",K21="pTL",K21="STL"),0.75,0))),0),IF(M22="M",IF(OR(K22="lec",K22="plec",K22="slec"),1,IF(OR(K22="lab",K22="plab",K22="slab",K22="tut",K22="ptut",K22="stut"),0.5,IF(OR(K22="TL",K22="pTL",K22="STL"),0.75,0))),0),IF(M23="M",IF(OR(K23="lec",K23="plec",K23="slec"),1,IF(OR(K23="lab",K23="plab",K23="slab",K23="tut",K23="ptut",K23="stut"),0.5,IF(OR(K23="TL",K23="pTL",K23="STL"),0.75,0))),0),IF(M24="M",IF(OR(K24="lec",K24="plec",K24="slec"),1,IF(OR(K24="lab",K24="plab",K24="slab",K24="tut",K24="ptut",K24="stut"),0.5,IF(OR(K24="TL",K24="pTL",K24="STL"),0.75,0))),0),IF(M25="M",IF(OR(K25="lec",K25="plec",K25="slec"),1,IF(OR(K25="lab",K25="plab",K25="slab",K25="tut",K25="ptut",K25="stut"),0.5,IF(OR(K25="TL",K25="pTL",K25="STL"),0.75,0))),0),IF(M26="M",IF(OR(K26="lec",K26="plec",K26="slec"),1,IF(OR(K26="lab",K26="plab",K26="slab",K26="tut",K26="ptut",K26="stut"),0.5,IF(OR(K26="TL",K26="pTL",K26="STL"),0.75,0))),0),IF(M27="M",IF(OR(K27="lec",K27="plec",K27="slec"),1,IF(OR(K27="lab",K27="plab",K27="slab",K27="tut",K27="ptut",K27="stut"),0.5,IF(OR(K27="TL",K27="pTL",K27="STL"),0.75,0))),0),IF(M28="M",IF(OR(K28="lec",K28="plec",K28="slec"),1,IF(OR(K28="lab",K28="plab",K28="slab",K28="tut",K28="ptut",K28="stut"),0.5,IF(OR(K28="TL",K28="pTL",K28="STL"),0.75,0))),0),IF(M29="M",IF(OR(K29="lec",K29="plec",K29="slec"),1,IF(OR(K29="lab",K29="plab",K29="slab",K29="tut",K29="ptut",K29="stut"),0.5,IF(OR(K29="TL",K29="pTL",K29="STL"),0.75,0))),0)) -> 0 | X19: =S19-(T19+U19+V19+W19) -> 0 | Y19: =CONCATENATE(SUM(O19:O29),"(",SUM(O19:O29)-X19,")") -> 0(0) | AP19: =SUM(SUM(O19:O29),SUM(AI19:AI29)/2,AM19) -> 0 | AR19: =AP19*AQ19 -> 0 | AS19: =CT19 -> 0 | AT19: =AR19*0.75+AS19*0.25 -> 0 | CS19: =SUM(IF(AU19<0,ABS(AU19),0),IF(AZ19<0,ABS(AZ19),0),ABS(CI19),ABS(CK19),ABS(CM19),ABS(CO19),ABS(CQ19),ABS(CR19)) -> 0 | CT19: =SUM(AU19,AV19,AW19,AX19/400,AY19,AZ19,BG19,BH19*0.5,BI19*0.25,BJ19,BK19,BL19,BM19,BN19,BO19,BP19,BR19/20,BS19/100,BT19/60,BU19,BV19,BW19,BX19/4,SUM(BY19:CC29)/3,CE19,CG19/3,CI19,CK19,CM19,CO19,CQ19,CR19) -> 0 | CU19: =D19 -> DVB
C20: 2 | D20: DVB | O20: =IF(AND(M20<>0,M20<>"m",M20<>"",RIGHT(K20,3)="Lec"),1,IF(AND(M20<>0,M20<>"m",M20<>"",OR(RIGHT(K20,3)="Lab",RIGHT(K20,3)="Tut")),0.5,IF(AND(M20<>0,M20<>"m",M20<>"",RIGHT(K20,2)="TL"),0.75,0))) -> 0 | CU20: =D20 -> DVB
C21: 3 | D21: DVB | O21: =IF(AND(M21<>0,M21<>"m",M21<>"",RIGHT(K21,3)="Lec"),1,IF(AND(M21<>0,M21<>"m",M21<>"",OR(RIGHT(K21,3)="Lab",RIGHT(K21,3)="Tut")),0.5,IF(AND(M21<>0,M21<>"m",M21<>"",RIGHT(K21,2)="TL"),0.75,0))) -> 0 | CU21: =D21 -> DVB
C22: 4 | D22: DVB | O22: =IF(AND(M22<>0,M22<>"m",M22<>"",RIGHT(K22,3)="Lec"),1,IF(AND(M22<>0,M22<>"m",M22<>"",OR(RIGHT(K22,3)="Lab",RIGHT(K22,3)="Tut")),0.5,IF(AND(M22<>0,M22<>"m",M22<>"",RIGHT(K22,2)="TL"),0.75,0))) -> 0 | CU22: =D22 -> DVB
C23: 5 | D23: DVB | O23: =IF(AND(M23<>0,M23<>"m",M23<>"",RIGHT(K23,3)="Lec"),1,IF(AND(M23<>0,M23<>"m",M23<>"",OR(RIGHT(K23,3)="Lab",RIGHT(K23,3)="Tut")),0.5,IF(AND(M23<>0,M23<>"m",M23<>"",RIGHT(K23,2)="TL"),0.75,0))) -> 0 | CU23: =D23 -> DVB
C24: 6 | D24: DVB | O24: =IF(AND(M24<>0,M24<>"m",M24<>"",RIGHT(K24,3)="Lec"),1,IF(AND(M24<>0,M24<>"m",M24<>"",OR(RIGHT(K24,3)="Lab",RIGHT(K24,3)="Tut")),0.5,IF(AND(M24<>0,M24<>"m",M24<>"",RIGHT(K24,2)="TL"),0.75,0))) -> 0 | CU24: =D24 -> DVB
C25: 7 | D25: DVB | O25: =IF(AND(M25>=20,M25<>"m",RIGHT(K25,3)="Lec"),1,IF(AND(M25>=20,M25<>"m",OR(RIGHT(K25,3)="Lab",RIGHT(K25,3)="Tut")),0.5,IF(AND(M25>=20,M25<>"m",RIGHT(K25,2)="TL"),0.75,0))) -> 0 | CU25: =D25 -> DVB
C26: 8 | D26: DVB | O26: =IF(AND(M26>=20,M26<>"m",RIGHT(K26,3)="Lec"),1,IF(AND(M26>=20,M26<>"m",OR(RIGHT(K26,3)="Lab",RIGHT(K26,3)="Tut")),0.5,IF(AND(M26>=20,M26<>"m",RIGHT(K26,2)="TL"),0.75,0))) -> 0 | CU26: =D26 -> DVB
C27: 9 | D27: DVB | O27: =IF(AND(M27>=20,M27<>"m",RIGHT(K27,3)="Lec"),1,IF(AND(M27>=20,M27<>"m",OR(RIGHT(K27,3)="Lab",RIGHT(K27,3)="Tut")),0.5,IF(AND(M27>=20,M27<>"m",RIGHT(K27,2)="TL"),0.75,0))) -> 0 | CU27: =D27 -> DVB
C28: 10 | D28: DVB | O28: =IF(AND(M28>=20,M28<>"m",RIGHT(K28,3)="Lec"),1,IF(AND(M28>=20,M28<>"m",OR(RIGHT(K28,3)="Lab",RIGHT(K28,3)="Tut")),0.5,IF(AND(M28>=20,M28<>"m",RIGHT(K28,2)="TL"),0.75,0))) -> 0 | CU28: =D28 -> DVB
C29: 11 | D29: DVB | O29: =IF(AND(M29<>0,M29<>"m",M29<>"",RIGHT(K29,3)="Lec"),1,IF(AND(M29<>0,M29<>"m",M29<>"",OR(RIGHT(K29,3)="Lab",RIGHT(K29,3)="Tut")),0.5,IF(AND(M29<>0,M29<>"m",M29<>"",RIGHT(K29,2)="TL"),0.75,0))) -> 0 | CU29: =D29 -> DVB
A30: 3 | B30: Ms. Mansi Hedav DOJ: 01/04/2022 MOB: 9408362853 | C30: 1 | D30: MPH | O30: =IF(AND(M30<>0,M30<>"m",M30<>"",RIGHT(K30,3)="Lec"),1,IF(AND(M30<>0,M30<>"m",M30<>"",OR(RIGHT(K30,3)="Lab",RIGHT(K30,3)="Tut")),0.5,IF(AND(M30<>0,M30<>"m",M30<>"",RIGHT(K30,2)="TL"),0.75,0))) -> 0 | P30: =COUNTIF(K30:K40,"TL")*0.75+COUNTIF(K30:K40,"Lec")*1+COUNTIF(K30:K40,"Lab")*0.5 -> 0 | Q30: =SUM((IF(LEFT(K30,1)="E",O30,0)),(IF(LEFT(K31,1)="E",O31,0)),(IF(LEFT(K32,1)="E",O32,0)),(IF(LEFT(K33,1)="E",O33,0)),(IF(LEFT(K34,1)="E",O34,0)),(IF(LEFT(K35,1)="E",O35,0)),(IF(LEFT(K36,1)="E",O36,0)),(IF(LEFT(K37,1)="E",O37,0)),(IF(LEFT(K38,1)="E",O38,0)),(IF(LEFT(K39,1)="E",O39,0)),(IF(LEFT(K40,1)="E",O40,0))) -> 0 | R30: =SUM(IF(M36<20,IF(K36="Plec",-1,IF(K36="PTL",-0.75,IF(K36="Plab",-0.5,0))),0),IF(M37<20,IF(K37="Plec",-1,IF(K37="PTL",-0.75,IF(K37="Plab",-0.5,0))),0),IF(M38<20,IF(K38="Plec",-1,IF(K38="PTL",-0.75,IF(K38="Plab",-0.5,0))),0),IF(M39<20,IF(K39="Plec",-1,IF(K39="PTL",-0.75,IF(K39="Plab",-0.5,0))),0)) -> 0 | S30: =SUM(P30:R40) -> 0 | T30: =SUM(IF(M30="M",IF(OR(K30="lec",K30="plec",K30="slec"),1,IF(OR(K30="lab",K30="plab",K30="slab",K30="tut",K30="ptut",K30="stut"),0.5,IF(OR(K30="TL",K30="pTL",K30="STL"),0.75,0))),0),IF(M31="M",IF(OR(K31="lec",K31="plec",K31="slec"),1,IF(OR(K31="lab",K31="plab",K31="slab",K31="tut",K31="ptut",K31="stut"),0.5,IF(OR(K31="TL",K31="pTL",K31="STL"),0.75,0))),0),IF(M32="M",IF(OR(K32="lec",K32="plec",K32="slec"),1,IF(OR(K32="lab",K32="plab",K32="slab",K32="tut",K32="ptut",K32="stut"),0.5,IF(OR(K32="TL",K32="pTL",K32="STL"),0.75,0))),0),IF(M33="M",IF(OR(K33="lec",K33="plec",K33="slec"),1,IF(OR(K33="lab",K33="plab",K33="slab",K33="tut",K33="ptut",K33="stut"),0.5,IF(OR(K33="TL",K33="pTL",K33="STL"),0.75,0))),0),IF(M34="M",IF(OR(K34="lec",K34="plec",K34="slec"),1,IF(OR(K34="lab",K34="plab",K34="slab",K34="tut",K34="ptut",K34="stut"),0.5,IF(OR(K34="TL",K34="pTL",K34="STL"),0.75,0))),0),IF(M35="M",IF(OR(K35="lec",K35="plec",K35="slec"),1,IF(OR(K35="lab",K35="plab",K35="slab",K35="tut",K35="ptut",K35="stut"),0.5,IF(OR(K35="TL",K35="pTL",K35="STL"),0.75,0))),0),IF(M36="M",IF(OR(K36="lec",K36="plec",K36="slec"),1,IF(OR(K36="lab",K36="plab",K36="slab",K36="tut",K36="ptut",K36="stut"),0.5,IF(OR(K36="TL",K36="pTL",K36="STL"),0.75,0))),0),IF(M37="M",IF(OR(K37="lec",K37="plec",K37="slec"),1,IF(OR(K37="lab",K37="plab",K37="slab",K37="tut",K37="ptut",K37="stut"),0.5,IF(OR(K37="TL",K37="pTL",K37="STL"),0.75,0))),0),IF(M38="M",IF(OR(K38="lec",K38="plec",K38="slec"),1,IF(OR(K38="lab",K38="plab",K38="slab",K38="tut",K38="ptut",K38="stut"),0.5,IF(OR(K38="TL",K38="pTL",K38="STL"),0.75,0))),0),IF(M39="M",IF(OR(K39="lec",K39="plec",K39="slec"),1,IF(OR(K39="lab",K39="plab",K39="slab",K39="tut",K39="ptut",K39="stut"),0.5,IF(OR(K39="TL",K39="pTL",K39="STL"),0.75,0))),0),IF(M40="M",IF(OR(K40="lec",K40="plec",K40="slec"),1,IF(OR(K40="lab",K40="plab",K40="slab",K40="tut",K40="ptut",K40="stut"),0.5,IF(OR(K40="TL",K40="pTL",K40="STL"),0.75,0))),0)) -> 0 | X30: =S30-(T30+U30+V30+W30) -> 0 | Y30: =CONCATENATE(SUM(O30:O40),"(",SUM(O30:O40)-X30,")") -> 0(0) | AP30: =SUM(SUM(O30:O40),SUM(AI30:AI40)/2,AM30) -> 0 | AR30: =AP30*AQ30 -> 0 | AS30: =CT30 -> 5.25 | AT30: =AR30*0.75+AS30*0.25 -> 1.3125 | BA30: 1 | BB30: Afternoon | BC30: 1 | BD30: 301 | BE30: Assigned | BG30: 2 | BN30: 3.2 | BQ30: Poor result in SEM-3 T1 FSD-1 Exam | BR30: 1 | BS30: 0 | CF30: done paper evaluation of remidial exam of PS subject (16 papers) | CS30: =SUM(IF(AU30<0,ABS(AU30),0),IF(AZ30<0,ABS(AZ30),0),ABS(CI30),ABS(CK30),ABS(CM30),ABS(CO30),ABS(CQ30),ABS(CR30)) -> 0 | CT30: =SUM(AU30,AV30,AW30,AX30/400,AY30,AZ30,BG30,BH30*0.5,BI30*0.25,BJ30,BK30,BL30,BM30,BN30,BO30,BP30,BR30/20,BS30/100,BT30/60,BU30,BV30,BW30,BX30/4,SUM(BY30:CC40)/3,CE30,CG30/3,CI30,CK30,CM30,CO30,CQ30,CR30) -> 5.25 | CU30: =D30 -> MPH
C31: 2 | D31: MPH | O31: =IF(AND(M31<>0,M31<>"m",M31<>"",RIGHT(K31,3)="Lec"),1,IF(AND(M31<>0,M31<>"m",M31<>"",OR(RIGHT(K31,3)="Lab",RIGHT(K31,3)="Tut")),0.5,IF(AND(M31<>0,M31<>"m",M31<>"",RIGHT(K31,2)="TL"),0.75,0))) -> 0 | CU31: =D31 -> MPH
C32: 3 | D32: MPH | O32: =IF(AND(M32<>0,M32<>"m",M32<>"",RIGHT(K32,3)="Lec"),1,IF(AND(M32<>0,M32<>"m",M32<>"",OR(RIGHT(K32,3)="Lab",RIGHT(K32,3)="Tut")),0.5,IF(AND(M32<>0,M32<>"m",M32<>"",RIGHT(K32,2)="TL"),0.75,0))) -> 0 | CU32: =D32 -> MPH
